id,ms,date,puzzle,scramble,plus2,dnf
75Pmr4fS4,44582,2020-09-24T06:07:12.315Z,3x3x3,"D R' L2 F2 B2 D R' F L B R2 U2 L2 F2 D2 R B2 U2 L' D2 L'",,
SxxZQiX35,55588,2020-09-24T06:09:24.047Z,3x3x3,"U2 B2 L' R U2 L D2 F2 D2 L2 U2 F U R D B L' B2 F' D2 R2",,
je_HY8Mz3,46495,2020-09-24T06:12:31.397Z,3x3x3,"F2 U F' B' L' F R' L' F2 B2 D F2 D' R2 L2 D R2 F2 R2",,
fJt_-ZPk3,39935,2020-09-24T06:22:12.443Z,3x3x3,"R2 B U' R U2 B D L B D F2 D R2 U D2 B2 R2 U' B2 L2",,
fqKoqpvcr,39627,2020-09-24T06:26:11.068Z,3x3x3,"F2 D F2 U' F2 L2 R2 U2 R2 U' F2 R' U L B' R F2 U B2 L R'",,
OrssB1bvE,59384,2020-09-24T06:32:16.089Z,3x3x3,"F D2 U2 R2 F L2 D2 R2 D2 B2 D' R B L' U' R2 D U R2 U B",,
Kk_AJ3JQw,37666,2020-09-24T06:33:39.610Z,3x3x3,"L F' D2 L B2 U2 R F2 U' L F2 R' L2 U2 D2 B2 L D2 F2 D2",,
SDIciZqYO,33303,2020-09-24T06:37:05.179Z,3x3x3,"B2 U2 B2 U' F2 D' R2 F2 L2 F2 U' R D' U R' F' U2 L R' B' L",,
zX_oMl-Zc,40637,2020-09-24T06:38:49.199Z,3x3x3,"U L2 D2 B2 U' B2 D R2 U L2 U2 B D' B R B' D' B F2 L2",,
oAEVH6WUN,55578,2020-09-24T22:20:46.592Z,3x3x3,"B' D2 L2 U2 F R2 B2 U2 R2 D2 B L R' F2 U2 F' R U' L D",,
lMS8gjEw1,43154,2020-09-24T22:22:28.319Z,3x3x3,"B2 U2 B' U2 B D2 F2 U2 L2 B R2 D' L D B2 F L2 R U' B' R2",,
rZDtNxKWs,37289,2020-09-24T22:24:08.487Z,3x3x3,"R' U' L' D' B' D2 B' R' U B2 R' U2 B2 U2 F2 L' F2 L2 B2 L",,
BINjO9NLa,46367,2020-09-24T22:26:29.502Z,3x3x3,"B2 L2 D2 B U2 B' U2 F' L2 U2 L2 D' L D' F2 U L' D' F D' F2",,
yS7aBqm2P,39165,2020-09-24T22:27:51.216Z,3x3x3,"D' R U2 B' U L' B2 L' F' D' B2 U2 F2 D2 R D2 F2 D2 F2 L2 U2",,
BYE8yo3z5,44201,2020-09-24T22:29:15.345Z,3x3x3,"F2 R2 U2 F U2 F2 R2 D2 L2 B D2 L B' U2 R2 D R U2 F' L2 U2",,
6TL7rb0Jt,33348,2020-09-24T22:30:32.574Z,3x3x3,"D2 B2 U2 L' F2 L' D2 B2 U2 B' D F' L2 R D' L2 R2 F L",,
h3E42xFNS,42826,2020-09-24T22:32:08.125Z,3x3x3,"U2 L2 B F2 L2 U2 F D2 F' D2 F' L' B R B2 U' L' B2 F'",,
2W90gGLGW,41458,2020-09-24T22:33:45.385Z,3x3x3,"B2 L2 D B2 R2 U2 R2 U' B2 U' B2 L' B' U' B' U' R' D R2 U' B'",,
C1QKYLOsu,45800,2020-09-24T22:35:24.608Z,3x3x3,"F2 D' R2 F2 D' B2 D' R2 D' B2 D' L R2 D B U F2 L2 F' L F",,
8gI8fPadX,32579,2020-09-24T22:36:49.043Z,3x3x3,"D' B' R' L' B D2 F2 B2 D' B' U' F2 R2 B2 R2 F2 D L2 U L2 D2",,
vSH0yS_P5,63843,2020-09-25T06:38:55.842Z,3x3x3,"U2 L2 F R2 U2 R2 F' D2 B' L2 B2 L B L' D F D F2 L' B2",,
nmPKxCxLm,41332,2020-09-25T06:40:15.021Z,3x3x3,"R2 U' F2 R2 U2 L2 U F2 U R2 D' B D' L U2 B2 L F R' B2",,
h97Rz6gA5,46674,2020-09-25T06:41:38.602Z,3x3x3,"U2 B2 F2 U' F2 D R2 D2 U' B2 F D U F R B' L R D' L'",,
7GszEyppr,38346,2020-09-25T06:42:54.939Z,3x3x3,"U2 L2 D2 B' R2 B2 F D2 F2 U2 L2 D' L' F' U R D' B L' D2 L'",,
oYoSOSsYD,42022,2020-09-25T06:44:24.940Z,3x3x3,"R2 B2 D' L2 D U2 B2 F2 U' F2 D2 L U B F' D' B2 D L2 R D'",,
2zul237ac,43177,2020-09-25T06:46:34.623Z,3x3x3,"R2 D B2 U B2 U2 L2 F2 R2 F2 R' D B2 L D F' L U B D'",,
hro87Xzpk,36465,2020-09-25T06:47:39.154Z,3x3x3,"F2 U' R2 U2 R2 D2 U' L2 D' L2 B2 F' L D' B' U B2 F' R F' D'",,
cCKW3aU5p,51425,2020-09-25T06:49:14.530Z,3x3x3,"D2 L2 D F2 U' L2 B2 F2 D R2 D2 L' U2 F' U L' U2 B' U' R U'",,
hsIFnZP2R,40157,2020-09-25T06:50:32.517Z,3x3x3,"L' R2 B2 R' D2 R2 U2 F2 U2 B2 L2 D F R2 U F2 U' L R D L",,
JHVzK0kGO,42182,2020-09-25T06:51:52.406Z,3x3x3,"F L2 R2 U2 F' L2 F' D2 R2 B2 F' L' D2 U' R U' F' D2 U L' R2",,
DlbNo2hNS,46373,2020-09-25T06:54:20.988Z,3x3x3,"U' F' R B2 D' B R' F' L D' B2 L2 D2 F' R2 D2 B' U2 F U2 L2",,
fJ3_tNh8S,41786,2020-09-25T06:55:34.555Z,3x3x3,"L2 B2 U' R2 D L2 F2 U' F2 U R' D L2 B' L F' D2 U L R2",,
_NnEQRovN,34427,2020-09-25T06:56:46.896Z,3x3x3,"D R' U2 L' B D' L F D F L2 D2 R2 B2 U2 F U2 D2 B'",,
fuYk07eve,40342,2020-09-25T06:58:11.821Z,3x3x3,"D2 L B2 F2 U2 R' B2 U2 R' U2 R2 U' B L' U2 R2 F2 L D L2 B",,
QfDnf2HID,32933,2020-09-25T07:03:17.243Z,3x3x3,"R2 B2 L2 F2 D' L2 U' F2 L2 D' R2 B F U' L' U B F U' F U'",,
NVcnnGr_r,31189,2020-09-25T07:04:37.180Z,3x3x3,"F' D2 L' U B R F R2 U' R F' R2 U2 B2 R2 F U2 L2 B' L2 B'",,
p5VFhYUKM,43818,2020-09-25T07:06:02.251Z,3x3x3,"F R' F' R D' F2 L B' R F2 U2 L2 U2 D' R2 L2 D F2 R2 D'",,
EpNjqb6lP,56000,2020-09-25T07:08:07.972Z,3x3x3,"D2 R2 U R2 B2 R2 D' R2 D' L2 F2 R' F L F' L2 B L D R2 B'",,
VpvG-kfjA,34247,2020-09-25T07:09:18.696Z,3x3x3,"U' R F' U' B2 R D2 L F D2 F2 D' L2 D' B2 R2 L2 D F2 D",,
XR7lUB-wZ,38390,2020-09-25T07:10:34.975Z,3x3x3,"F2 U' B2 D' B2 D L2 D2 B2 L2 U2 B' D2 U R D' R F' U R2",,
JeINrutIE,31374,2020-09-25T07:12:30.937Z,3x3x3,"L2 D' B2 D' R2 U F2 L2 B2 L2 D L' R U2 F' D R2 F' D B L'",,
6xeCZQ42R,48191,2020-09-25T07:14:08.288Z,3x3x3,"D2 L2 D2 B2 D' B2 L2 R2 D' R2 U2 L' B U' B2 U R B U2 B' U",,
jBkpJ1edf,32395,2020-09-25T07:15:21.861Z,3x3x3,"F R L B U2 R B D F' R U2 R L2 D2 R2 F2 U2 B2 L' B2",,
jAeWA3Zse,40923,2020-09-25T07:19:15.846Z,3x3x3,"D U2 B2 U' B2 L2 U' B2 L2 B2 U F' L B D' L' D' B' L2 R U",,
DAYkl6O4C,40462,2020-09-25T07:20:24.525Z,3x3x3,"U L2 U' F2 R2 B2 D2 R2 F2 U' B2 F R F R' U B' U L' D2",,
aQY0yZ7yO,37405,2020-09-25T07:21:45.739Z,3x3x3,"U' F2 R2 D' F2 U F2 R2 U R2 F D' L U' R' U' L' R2 B2 R2",,
sVI7ny7mC,31426,2020-09-25T07:22:48.008Z,3x3x3,"F2 L2 R2 U' F2 U' B2 U R2 D2 R2 B D2 U2 F U L D' L2 D F2",,
2BwdyR4D8,30199,2020-09-25T10:55:19.791Z,3x3x3,"D2 R2 U R2 U' B2 U B2 U' L2 R2 B' L' R' F' D' R D U' R' B",,
45ZE-egSj,35484,2020-09-25T10:56:43.115Z,3x3x3,"U2 F D L2 U2 R' U2 R' U R2 B2 R2 F' L2 U2 F D2 R2 F U2",,
Phq1-LjPF,95468,2020-09-25T10:58:48.820Z,3x3x3,"U D' R2 F' B' R' D L2 F' L B U2 R2 F2 B R2 F' L2 F' R2 U2",,
YKuMPQpXj,39171,2020-09-25T11:00:33.525Z,3x3x3,"U2 B2 L B2 D2 R F2 U2 L2 D2 F2 D B2 U2 F D2 L' R U L F",,
SFjbyfd6g,58963,2020-09-25T11:02:50.129Z,3x3x3,"B2 U' R2 U' F2 L2 B2 U2 L2 U L2 R' B D2 U F R' U' L2 F2 U2",,
XvT8HUf22,44304,2020-09-25T11:04:48.090Z,3x3x3,"F2 D R2 L F' R B' D2 R2 U' R' U2 R2 L U2 R' D2 L D2 R' F2",,
4c3-BH31U,39783,2020-09-25T11:06:03.952Z,3x3x3,"B' D2 R' U R B2 D' R B R' U2 D2 L B2 L' U2 R2 F2 B2 U2",,
kP8CVsbAd,50997,2020-09-25T11:07:41.917Z,3x3x3,"D2 B' R2 U2 B' D2 L2 F2 L2 F D' F' L' U F U R2 U R D2",,
RBqJ_aoYg,39437,2020-09-25T11:08:55.813Z,3x3x3,"B2 F2 D L2 U R2 B2 U L2 U2 B2 R U' R' D' B2 F' L U2 B2 F2",,
6Ykj5D8am,34158,2020-09-25T11:09:56.908Z,3x3x3,"L2 D2 B' R2 D2 B2 D2 U2 F' L B' R' U' R F D R F U'",,
GC9E_3usA,55704,2020-09-25T11:11:31.481Z,3x3x3,"B U2 L2 B' R2 B2 D2 R2 F' D2 F' R' F' L2 D' B' U' L' U L U2",,
ODC-0lFs_,39853,2020-09-25T11:13:03.204Z,3x3x3,"U L' B' L2 D B U L F R2 U2 F2 B2 D F2 B2 U2 F2 D R2",,
AKqyZnziq,41404,2020-09-25T11:14:25.547Z,3x3x3,"R2 D F2 U2 F2 D L2 D2 R' D B U L F R' B L2 U' L2",,
woW2C1jIU,48321,2020-09-25T11:16:40.181Z,3x3x3,"R2 U2 L' B L2 F' D' B' L B' R2 F' D2 F U2 R2 B' L2 B2 L2",,
yP3GYpOJ3,49151,2020-09-25T11:18:52.173Z,3x3x3,"D' F2 R2 D2 L F2 B' R2 F' R D' L2 D' R2 U2 L2 F2 D2 B2 U2 R2",,
NlpZmglML,42893,2020-09-25T11:20:27.463Z,3x3x3,"R2 B2 L2 B2 D' L2 U F2 D' L2 U2 B U' F2 L2 D' L' R D' R B'",,
lgGt2bs8Q,33707,2020-09-25T11:21:42.293Z,3x3x3,"L2 D U2 B2 D' R2 D L2 D' L2 U' F' L2 D L' U' B2 L R' U' B2",,
LEiGwth7i,48307,2020-09-25T11:23:24.442Z,3x3x3,"R' D2 F2 L2 F2 L' U2 L' B2 F2 R2 U' L2 R' B D L' R B2 D R2",,
Mcgky_56M,42204,2020-09-25T11:24:37.812Z,3x3x3,"F R F R2 D2 L2 D B2 L D2 B' U2 R2 F L2 F D2 L2 U2 L2",,
cKq4x4Sg6,34324,2020-09-25T11:25:42.085Z,3x3x3,"U' B' R' L' B' L U L' U R2 F U2 F' D2 F' L2 U2 F' L2 F'",,
O_fWB09Zq,27729,2020-09-25T11:26:42.836Z,3x3x3,"D2 L2 B' R2 B L2 U2 F L2 B2 L2 R F' R' D R' U F R2 U F2",,
gSOjct67s,39976,2020-09-25T11:28:09.015Z,3x3x3,"D R2 L' U' B2 U B' U' R' F U D R2 U' R2 U2 B2 R2 U2 L2 U",,
S7pl2KqrQ,38693,2020-09-25T11:29:28.048Z,3x3x3,"B' D2 U2 F L2 U2 B' D2 U2 B U F D2 L B' L2 U2 R' D B",,
6dCkYuOQX,55352,2020-09-25T11:31:04.238Z,3x3x3,"D R2 B2 F2 U' F2 L2 B2 L2 F2 U2 F L F L' R D B U L F'",,
Fj8u-yVFh,46787,2020-09-25T11:32:23.306Z,3x3x3,"U B2 U' R2 B2 U' L2 D2 B2 L2 B2 L' F U B2 D' B R U2 R' U'",,
hn-IYlO4p,41934,2020-09-25T11:33:46.471Z,3x3x3,"R2 D L2 B2 F2 U' L2 F2 L2 U2 F2 R B L2 B' F' D' R2 F' R",,
btnJAsWPr,43171,2020-09-25T11:35:10.352Z,3x3x3,"R2 F D2 F2 L2 D2 R2 F' D2 L2 B R' D2 F' U2 F' R2 D F' U' L'",,
Xnmg6nTN_,45677,2020-09-25T11:36:54.055Z,3x3x3,"D2 U2 R2 B D2 F2 U2 F' R2 F U2 L R D F R' B U B' D2 U'",,
nox1TbV2h,37482,2020-09-25T11:38:06.232Z,3x3x3,"R2 F2 D2 R U2 F2 L U2 B2 F2 R' F' R' U2 R2 U R B2 L' F2",,
unjeAC8W_,43359,2020-09-25T11:39:19.379Z,3x3x3,"F' L B2 R' D2 B2 R B' R' U L2 U2 B' D2 B' L2 F' R2 B U2 R2",,
hR-pCRnr3,46689,2020-09-25T11:40:44.709Z,3x3x3,"L' F2 L2 D2 R D2 L' U2 B2 R F2 D F2 R2 B2 L' B' R' D' R",,
hSqkJLsur,51826,2020-09-25T11:42:08.357Z,3x3x3,"U' F B2 R2 U2 F' B2 L U' L B2 U2 B2 U2 R' D2 R' U2 R",,
yDFwPgpHZ,36580,2020-09-25T11:43:28.412Z,3x3x3,"L2 R2 B2 D F2 D' L2 U' R2 D' B2 L' F' L' F U2 F L' B2 U B",,
DN7ryJR_e,37125,2020-09-27T00:40:04.505Z,3x3x3,"D' R2 F2 U L2 F2 L2 B2 D' B2 F2 L U' L F' U F2 L2 B' F",,
OMlDBBc1o,32474,2020-09-27T00:41:17.778Z,3x3x3,"R' B U2 D' L2 D' R L2 D' R D2 R F2 B2 U2 F2 D2 R2 F2 L",,
vDCovwTeC,36849,2020-09-27T00:42:37.277Z,3x3x3,"U R2 F B2 L F' R U' D2 F' U2 F2 L2 F2 D' B2 U B2 L2 F2 R2",,
mTn2whjCS,40392,2020-09-27T00:43:58.743Z,3x3x3,"L B2 L' B2 D2 F2 L2 F2 R U2 F2 D R2 F' D2 B F2 L D2 R2 F'",,
U9o1vcQQ7,44243,2020-09-27T00:45:14.894Z,3x3x3,"U2 R' B2 L2 F2 D2 L' D2 R D2 B2 F D F L F2 D L' F D2",,
CdM97VfGM,37537,2020-09-27T00:57:22.244Z,3x3x3,"F2 U2 B2 F2 L2 D' B2 U' B2 U B2 F D' L' R' D' R' U' F2 R2 B2",,
0_cczkzCm,42301,2020-09-27T01:00:29.321Z,3x3x3,"D F2 U2 F2 U' F2 U' L2 U2 L2 B2 R' B' U2 L B2 D B U L2 F",,
k_igpV7A1,76183,2020-09-27T01:03:01.082Z,3x3x3,"L2 F2 D L2 B2 D2 U2 L2 B2 U2 L R' B U R F' U L2 U F2 U",,
Uz8tL5pyi,35154,2020-09-27T01:04:26.720Z,3x3x3,"R' B2 L' B2 D2 L2 U2 L F2 R B2 D L2 F U2 L2 F' U' R B R2",,
OFt23tYOj,75258,2020-09-27T01:06:40.389Z,3x3x3,"L2 U2 L D2 F2 R' F2 L' U2 B2 U F2 R' F' U' B' D' B2 F2",,
ycVRmZKCC,41802,2020-09-27T01:08:03.922Z,3x3x3,"L B' R F' D2 R B U F U' R2 D L2 U' F2 B2 D' R2 B2 L2",,
kPGLbmkuM,46783,2020-09-27T01:09:47.079Z,3x3x3,"D B2 L' B' D R D' F' R' U' B2 R' U2 R F2 B2 R2 F2 U2 B2 R'",,
0j304sX08,46821,2020-09-27T01:11:13.918Z,3x3x3,"R2 U2 L B2 L U2 L' D2 R' U2 R' B' R2 U' B2 D2 R' U2 F' D2 U",,
rG6W__ZqG,46280,2020-09-27T01:12:43.963Z,3x3x3,"B2 L2 U' R2 D2 R2 F2 U R2 F2 U2 F L2 U R' B D2 L' D L' D",,
Z7gztwzW_,48532,2020-09-27T01:14:24.445Z,3x3x3,"L2 F' U2 B' L2 F' D2 F D2 F D2 U' R' U2 B' L2 U2 L' F2 D' F2",,
iQD2koNqk,37147,2020-09-27T01:15:45.504Z,3x3x3,"F2 D2 F U2 L B2 D R' U' L2 F' B2 U' F2 R2 D' L2 F2 U2 B2 U",,
epfoWgY1O,40649,2020-09-27T01:17:03.048Z,3x3x3,"L2 U L2 U' R2 U F2 R2 D' U2 B' L D2 B' R U L' R F' D' U2",,
bI1fGOebC,39867,2020-09-27T01:18:15.426Z,3x3x3,"R2 F2 U' B2 L2 D2 U L2 F2 L2 B' U L R2 B L2 R' B U",,
38c7CZE-I,41724,2020-09-27T01:19:29.633Z,3x3x3,"D F2 R2 L' D F2 R D' R U2 B L2 F U2 F2 U2 B' L2 B R2",,
U8GFNXsIj,49890,2020-09-27T01:20:53.720Z,3x3x3,"U B2 R2 F2 L2 F2 D' U2 F2 R2 D2 B L' B U' R F' D' F L2",,
zrM19llEB,47247,2020-09-27T01:22:52.045Z,3x3x3,"L' U2 R2 U2 B2 L' B2 F2 L' R2 F2 D' B F' U B2 F U L U2 B",,
8HI14HhPF,38557,2020-09-27T01:26:30.057Z,3x3x3,"R2 B2 D2 L' D2 L2 B2 D2 F2 U2 R2 F' D L2 U F R2 F' U2 L2",,
jXnDvuZae,42402,2020-09-27T01:27:54.679Z,3x3x3,"U2 R U2 F2 L' U2 L U2 L' F2 L2 D L' B' U' B' D2 B2 U F'",,
qpMIiFRf4,51405,2020-09-27T01:29:23.074Z,3x3x3,"B2 U2 B2 U' L2 U2 R2 U' B2 U' B' D R2 B' F2 L' F2 R' U' R'",,
20qy7Jta0,49154,2020-09-27T01:30:51.206Z,3x3x3,"U2 F' D2 L2 U2 F D2 B' U2 R2 U2 L R' D' L B D L' D' U' F'",,
MaqHx9goT,67378,2020-09-27T01:32:39.035Z,3x3x3,"B2 R2 D L2 F2 D' F2 L2 F2 U2 R2 B' L F2 D' U2 B D2 U' B2 R",,
o7-SxDtSf,30237,2020-09-27T01:33:54.795Z,3x3x3,"R2 D2 F B U' D B U L F2 D2 F2 L2 D' R2 F2 U' L2 D' F2",,
nJuZwvBO1,39809,2020-09-27T01:35:18.360Z,3x3x3,"F2 D2 B2 R2 D B2 D F2 D U2 R2 F' L R2 B2 U B2 D2 L2 D' B",,
A3snW6vMq,42970,2020-09-27T01:55:07.914Z,3x3x3,"D2 R2 D2 F2 R2 F2 L2 U2 R' D2 R' F' D' F' R2 U2 L2 R F' R' D",,
u2LO0Zdt6,40958,2020-09-27T01:56:44.726Z,3x3x3,"R2 F2 U' R2 B2 U' F2 R2 D B L F' D' R' D B' D2 B' F2 U",,
_iMqW3x0P,73029,2020-09-27T01:59:13.606Z,3x3x3,"U2 F2 L R2 B2 R B2 U2 R D2 U2 B D2 U L' B L2 R2 D F2 D2",,
8GCVLde2-,87673,2020-09-27T02:01:33.134Z,3x3x3,"F2 D2 F2 R B2 R' D2 L' B2 U2 R F' U R2 D' R2 B L2 F D R",,
qJ7rAIjfh,43655,2020-09-27T02:03:11.385Z,3x3x3,"R2 F2 D2 L2 F2 L U2 L2 U2 B2 L' D' B2 D' B D' U' R' F' U2 R2",,
kEnWtM9cn,31376,2020-09-27T02:04:37.455Z,3x3x3,"D2 F2 U2 R2 F D2 B' R2 B2 L2 B L R2 D' F2 R2 D2 U F' U2",,
GEQGpe_kO,45154,2020-09-27T02:06:41.808Z,3x3x3,"L B D R' B U F R B' R2 U2 D2 F2 L' U2 F2 R' F2 R2 D2",,
ydRoqXH8a,46158,2020-09-27T02:07:57.069Z,3x3x3,"B2 D2 F2 L2 F2 U F2 R2 F2 L2 D L' F L D B D' F' L' B' R2",,
Gu6yK076z,26953,2020-09-27T02:08:55.166Z,3x3x3,"U2 F' R2 U L' D' R' U D2 L F B U2 B R2 L2 F U2 R2 L2 B2",,
g6zCFdajs,38020,2020-09-27T02:10:02.008Z,3x3x3,"D R2 F2 U' F2 R2 U' B2 U F2 U2 L U2 L' R2 D R' B D' L2",,
KITvcR1-y,32449,2020-09-27T02:11:11.185Z,3x3x3,"F2 L2 U F2 L2 U R2 F2 U' R F' U2 B R B' L R B2 F' U",,
3rUZvNi0G,33153,2020-09-27T02:12:18.921Z,3x3x3,"B2 U2 L2 U2 L' U2 R' U2 B2 F2 L' B' D' R U' F2 L' B2 R2 F' L2",,
ShxcMCXZ6,37955,2020-09-27T02:26:36.754Z,3x3x3,"R2 F R2 F2 U2 L2 R2 B2 F' D2 L2 D B' R2 B2 D2 F L' B' L2 B'",,
MkLZ6dpMe,27006,2020-09-27T02:27:56.347Z,3x3x3,"D2 F2 L B2 R B2 D2 R2 U2 L F' U R2 B' L2 U' L F L2",,
I_7xUldXv,29707,2020-09-27T02:28:58.413Z,3x3x3,"U2 B R2 F' L2 R2 U2 R2 U2 F L U' L F L U F D L U R2",,
JLhIWOP0M,37553,2020-09-27T02:30:23.295Z,3x3x3,"U' R2 U' B2 L2 D2 F2 L2 U2 F2 D' R U' F' L' R F U' B L D",,
CWRC_lIVL,33219,2020-09-27T02:31:50.078Z,3x3x3,"F2 L2 R2 D2 F2 R2 F R2 F' L2 U2 L D U R2 F2 L' B U' F2 R'",,
nI0se5LQU,31174,2020-09-27T02:33:20.503Z,3x3x3,"R2 F2 D2 F2 L B2 L' D2 R' B2 R2 U B' L2 F R F2 R2 F R U'",,
pEGOqyb-B,34550,2020-09-27T02:34:35.664Z,3x3x3,"U2 B2 F2 D' R2 F2 D' U2 R2 D L2 F D2 B' R' D F D' F U2 R2",,
LFcr9pjnn,33827,2020-09-27T02:35:59.915Z,3x3x3,"U R' B L D' L' F U2 L' B' L2 F2 R2 D' R2 U' L2 F2 R2 U R2",,
G8UGU7-7U,25156,2020-09-27T02:37:17.129Z,3x3x3,"F' U2 B L2 D2 B U2 L2 B D2 B D' L B2 L' D2 U L D' F2 U'",,
sYJ-mxnfM,33798,2020-09-27T02:38:36.521Z,3x3x3,"R2 U2 L2 F2 U2 F2 D2 L' F2 R' U2 F' D' U R' F2 L R2 F' L2 R2",,
guqIJ5o9n,30739,2020-09-27T02:40:05.498Z,3x3x3,"U2 L2 D L2 U2 F2 U2 B2 F2 R2 U' R' B2 D L' U F D B' L2 F'",,
CO2ZnZV7C,31423,2020-09-27T02:41:45.974Z,3x3x3,"R2 B2 U' R2 D U2 B2 D U L2 R2 F' L U L' R' F U' B' U' R",,
xrzH9iA1e,33886,2020-09-27T02:43:05.343Z,3x3x3,"D2 R2 F L2 U2 F' L2 B2 D2 R2 F' D' L2 R' F D' L2 D L U'",,
j5iIrZh0m,26901,2020-09-27T02:44:33.370Z,3x3x3,"B2 D2 R2 D2 U' B2 L2 F2 L2 U B2 R D U' R D2 B' F' L' F U",,
y8qBGHBeq,33821,2020-09-27T02:45:57.909Z,3x3x3,"U' F L' B' R U R L2 F R B2 R2 D2 R L2 D2 L' F2 U2 F2",,
MfPsXZi6S,26016,2020-09-27T02:47:00.760Z,3x3x3,"D2 L F2 L' B2 D2 L D2 B2 F2 U2 F' R2 U2 R2 F2 D' U2 F U R'",,
AYuhBz-p_,45668,2020-09-27T02:48:33.667Z,3x3x3,"B' L' B' L' F' R' L2 U2 R L2 U R2 D2 F2 U' F2 D F2 D2 L2",,
LvKn6waVo,37222,2020-09-27T02:50:23.659Z,3x3x3,"U2 F' R L F R' L' B' L D' B2 U D B2 L2 B2 R2 U R2 F2",,
jt4oPS1dV,38568,2020-09-27T02:51:50.641Z,3x3x3,"D2 B D2 B D2 L2 F' L2 U2 B' L2 R' U L B' L' F' D L F' R",,
MdMGydr_M,31605,2020-09-27T02:53:19.270Z,3x3x3,"U2 R2 B' L2 F L2 R2 B L2 U2 B' U L R2 F' L' B' R2 D2 B' D'",,
3qJkS7USw,31845,2020-09-29T07:50:13.917Z,3x3x3,"L2 F U2 F' D2 B D2 L2 R2 F2 U2 R D L2 U' F' R B2 D L' F",,
qipG5v-Dy,34364,2020-09-29T07:52:49.056Z,3x3x3,"B2 D2 L2 R2 B' D2 U2 L2 B D2 F' R B' D U' F' L' R D2 B' D'",,
jEMXlMFbH,40804,2020-09-29T07:53:58.758Z,3x3x3,"R2 U2 F2 R2 B' L2 F' U2 R2 U2 L2 D B L2 R' F D2 U L'",,
yVTXKtNlS,33696,2020-09-29T08:01:25.819Z,3x3x3,"R B2 R2 F2 R' B2 R' B2 U2 R' F2 U' F L B2 R2 U' L B F' U",,
n3NtSZdqT,28855,2020-09-29T11:25:07.302Z,3x3x3,"D2 L2 F2 U' B2 R2 B2 D' L2 D' R U B2 F R2 F2 U' R B R2",,
JpUmFVECt,51311,2020-09-29T11:26:48.935Z,3x3x3,"L' U L D2 F' B2 D L' B L F2 R2 U D R2 U L2 D2 R2 B2 L2",,
WJsA1SwJi,52414,2020-09-29T11:28:32.552Z,3x3x3,"B2 R D2 R2 B2 D2 R D2 F2 D2 R' B U2 L D R2 B2 D R F' U",,
arshAUiEC,38561,2020-09-29T11:29:39.968Z,3x3x3,"U F2 L2 D F2 L2 B2 D R2 D2 U' B' U2 F R' U B D L D L'",,
UpH_TLXsX,43926,2020-09-29T11:31:23.307Z,3x3x3,"F D2 B2 U2 F' D2 B' D2 U2 F R2 U' B2 F R2 D2 U B F2 R F'",,
0Rrixe4PN,53183,2020-09-29T11:33:31.510Z,3x3x3,"U' L B' L F L' B U2 D B L2 D2 F R2 F2 R2 U2 B' D2 F2",,
aDTUc8Lnp,35886,2020-09-29T11:35:06.069Z,3x3x3,"D R2 D' L2 B2 L2 U2 F2 U L2 U L B' R2 D2 R' B U' B' F2 U'",,
fYCg_BhR3,33938,2020-09-29T11:36:36.891Z,3x3x3,"F2 U' L2 U2 F2 D R2 U2 F2 L2 R2 F' L' R' D U2 L2 F' R U2 L'",,
EbD75YoCP,38563,2020-09-29T11:38:43.656Z,3x3x3,"U' L2 F2 D2 B2 U' R2 B2 U2 F2 U2 L U' B' R D U' F' L2 U L",,
Oskurh91G,35953,2020-09-29T11:39:58.939Z,3x3x3,"B U2 L2 B U2 R2 U2 B' D2 U2 B2 L' U' L2 R U L B L2 F L'",,
BoGobPyKr,35642,2020-09-29T11:41:12.360Z,3x3x3,"L' B2 D2 R' D2 F2 R2 U2 R' D2 R2 F D2 U R2 B' D R' B' D2",,
0h8BuNcqY,42221,2020-09-29T11:42:37.900Z,3x3x3,"B' U2 L2 D2 F U2 B' F2 L2 B2 R2 D F2 L' R' D' F2 U' R D2",,
QKpdQRpVT,31725,2020-09-29T11:43:59.800Z,3x3x3,"L B2 R F2 U2 L' D2 F2 U2 B2 R U F L U2 F U' B' D'",,
rzZeDLbQM,40451,2020-09-29T11:45:23.419Z,3x3x3,"U2 L2 R2 B' D2 B' D2 R2 F R2 U2 R' B D2 L2 F' D U2 B' L'",,
22SpCyHhV,29205,2020-09-29T11:46:51.431Z,3x3x3,"B2 D2 B2 L D2 L' B2 F2 L' F2 L' B' U F L B' F L R' D'",,
DHshKMbSa,45772,2020-09-29T11:48:27.745Z,3x3x3,"B2 U2 L2 U' B2 D' L2 R2 D' L2 B2 L F' D' U R' U B2 F2 U2 F",,
KSyfevpbL,52851,2020-09-29T11:51:48.304Z,3x3x3,"L2 R2 U2 F2 R2 B2 U' F2 R2 U F2 R' B2 F' R D' B R2 B' L2 F'",,
cPxUn2Vzk,30143,2020-09-29T11:53:19.207Z,3x3x3,"D2 R2 U F2 D U' F2 L2 R2 U' B' U2 F' D B' R' D2 F L' U2",,
FeCz3Lwsr,39292,2020-09-29T11:54:40.089Z,3x3x3,"F L' D B R2 D F2 D2 L' U2 L2 F2 U B2 U' F2 U2 F2 D'",,
6ORju5W90,43960,2020-09-29T11:56:01.081Z,3x3x3,"R' B2 R2 B2 U2 L' F2 R B2 D2 R D' L' B U' B R' B' L D U",,
ewwab_hMy,35404,2020-09-29T11:57:15.105Z,3x3x3,"L2 B2 R2 B2 D' B2 D B2 D' R2 U B L2 B' R' B' F R' D F",,
LXoDiNSzH,40224,2020-09-29T11:58:41.956Z,3x3x3,"U2 R' F' U2 F' D' L F' R2 U' L2 U2 F' D2 L2 B' U2 B D2 B' R2",,
szpW6Nk95,51743,2020-09-29T12:01:16.703Z,3x3x3,"D2 L2 R2 D B2 D' F2 U2 L2 F2 U2 F U R' D2 B2 L2 R' U' L2 D2",,
gkMmPcjOT,49625,2020-09-29T12:03:02.025Z,3x3x3,"L2 F2 U2 F2 U R2 U R2 D' B2 F D U' F2 L' B D L' D U'",,
zJH_Y3GMm,47162,2020-09-29T12:04:41.224Z,3x3x3,"U' L B D2 R2 L' D' R' F L2 U' R2 L2 D' F2 R2 U' L2 B2 D2",,
NdhvIjlyD,66172,2020-09-29T12:06:27.072Z,3x3x3,"F' U2 R2 F' U2 B D2 L2 B2 D2 B L' B2 U' R F U' B2 U' R'",,
bHq730mC_,46370,2020-09-29T12:08:00.763Z,3x3x3,"B2 D' B2 L2 B2 U' R2 F2 U' F2 L2 R' F' U2 L U' F' U2 R' D U'",,
HCgL4s1nq,46616,2020-09-29T12:09:38.688Z,3x3x3,"U2 R' F2 R' F2 D2 R' F2 L2 D2 R' D B' L2 D2 U2 F' D' B' F'",,
NNfhxyNgv,43254,2020-09-29T12:11:03.409Z,3x3x3,"B' U2 B D2 B2 D2 B D2 U2 R2 U B L' U F2 L F L R",,
6TvFLN_9A,50755,2020-09-29T12:14:45.576Z,3x3x3,"R2 U L2 D B2 R2 U' F2 R2 U2 L2 F' R' B' R' B L R U B' D",,
iZCa2W9ES,49154,2020-09-29T12:16:17.380Z,3x3x3,"B2 L2 D' B2 U R2 D' R2 U B2 D' F' L U2 B L2 B2 L2 D' L' B'",,
u-EPlp7uK,56832,2020-09-29T12:18:32.189Z,3x3x3,"U R2 F2 R2 F2 U R2 D2 U F2 L2 B D' L D R' D' B L2 U F",,
HU-igsWr0,39381,2020-09-29T12:20:12.013Z,3x3x3,"B' R D R U B L' U D' L D2 R2 L' F2 D2 F2 B2 L F2 U2",,
Q7ak3wd1F,48685,2020-09-29T12:21:38.064Z,3x3x3,"B2 F2 L U2 F2 D2 B2 L B2 L D2 B' D' U L2 B2 F' D' B U2 R",,
CrmzXWqHd,49341,2020-09-29T12:23:10.863Z,3x3x3,"R2 D2 L2 F2 D' L2 B2 U' L2 B2 L B2 L' B' U F L' D' R' F U",,
ycr9SOm4E,46024,2020-09-29T12:24:51.301Z,3x3x3,"R U D B R L' B U2 L' F' U' F2 U' L2 B2 L2 D' F2 U B2 R2",,
Zn7gr41jG,80457,2020-09-29T12:28:05.711Z,3x3x3,"L2 D2 L2 B2 L2 B D2 F2 L2 B' R2 U L2 D2 R' B' U2 L F2 L2",,
PcyJDEuxY,35584,2020-09-29T12:29:15.094Z,3x3x3,"L2 U2 L2 F2 D F2 L2 D' F2 U B2 L R U F R' B2 D2 L U2 R'",,
8R5yeIgTz,29256,2020-09-29T12:30:23.329Z,3x3x3,"L2 D L2 R2 U F2 U F2 R2 D U L' D2 U' R2 D L2 F' L F2 R2",,
eb0cg3gZN,40361,2020-09-29T12:31:59.702Z,3x3x3,"U2 L F2 R' U2 F2 R2 D2 B2 F2 R2 B' L D' B L2 F' L2 R' B2 R2",,
YOC-4noPo,29401,2020-09-29T12:33:06.470Z,3x3x3,"R2 F2 U2 B' R2 F' L2 B' U2 L2 B' R D F' U2 F L2 D2 U2 F' L",,
Difc6HJuj,46417,2020-09-30T09:35:35.804Z,3x3x3,"R2 D' R2 U2 L2 D L2 D F2 R2 U2 L' D2 U2 B U2 F' U F2 L",,
c31J7e3ar,50239,2020-09-30T09:37:17.776Z,3x3x3,"B R' L' U2 B2 D L' D L D2 L2 B2 U' F2 U' B2 D' F2 R2",,
BkpZjQp_s,51602,2020-09-30T09:39:06.187Z,3x3x3,"U2 B2 L2 D' F2 D' L2 R2 B2 L2 U' B' U' R2 B2 D2 F2 L U2 L2 U'",,
fkivlBfua,54750,2020-09-30T09:40:41.059Z,3x3x3,"R D L' F U B U2 R' L' B R2 L2 D2 F2 L2 U' B2 U L2 B2 D'",,
ypUvpZv6_,43281,2020-09-30T09:42:01.916Z,3x3x3,"B2 F2 L2 D B2 L2 D' B2 D2 U' B2 R' F2 D' R' D' B D U' F2",,
SDHPJovyr,43174,2020-09-30T09:43:10.150Z,3x3x3,"B L2 U B R U' B' D' R L B2 U' F2 L2 U B2 R2 D B2 L2",,
4janwZYFN,63186,2020-09-30T09:46:10.655Z,3x3x3,"F L2 D2 R2 F D2 B2 U2 R2 U2 F L D2 B R U2 L2 B U' L' R'",,
amwZxfYW2,36755,2020-09-30T09:47:30.562Z,3x3x3,"B2 D2 R2 B2 D2 L F2 R2 F2 R' D2 B' D2 R2 D' U R' F2 U' L U2",,
H3KNwEB33,28338,2020-09-30T09:48:32.136Z,3x3x3,"F2 D2 R2 F2 L2 U' L2 U L2 R2 D2 R' F L2 D' B' L' U' B F'",,
0ZCbsWJU2,36561,2020-09-30T09:49:51.259Z,3x3x3,"R2 U2 L2 U2 B' R2 U2 B L2 B F' D' L U2 B F D2 B U2 L2 U",,
1G8jfXsDa,36593,2020-09-30T09:57:56.630Z,3x3x3,"R U2 L' U2 B2 R' B2 D2 F2 L2 B2 F' L2 U' L' B D' L B F2",,
g5pyfdA0F,59986,2020-09-30T09:59:20.652Z,3x3x3,"B2 U L' D' B L' B U' F R2 D' R2 U R2 F2 R2 U2 D R2 L2",,
2Qaam99PC,57527,2020-09-30T10:01:05.119Z,3x3x3,"B U' D' R F' U R' F R B' U2 D2 L' U2 R D2 F2 R2 F2 L B2",,
SMr6D9oHZ,49808,2020-09-30T10:02:42.626Z,3x3x3,"D' R' U2 R L B2 U' R' F D2 F2 L2 B2 R' L2 F2 L F2 U2 L",,
l2sDRsY4r,41833,2020-09-30T10:04:12.794Z,3x3x3,"D2 U2 L' F2 R' D2 B2 R2 F2 R2 D R2 F' D' B2 U R' B2 U2 R2",,
wDS7ipsm1,32419,2020-09-30T10:05:19.656Z,3x3x3,"U B2 L F' R2 L' D B2 R' F' L2 F R2 D2 L2 U2 F D2 F2 D2",,
TvCIJZsWu,35266,2020-09-30T10:06:30.953Z,3x3x3,"L2 D U2 B2 R2 F2 U' F2 L2 R2 U L' D' R D F R' B F' D2 F",,
3k12tqbPb,103344,2020-09-30T10:08:59.559Z,3x3x3,"R L F L F' U2 B L2 D' L' U F2 B2 U' D' F2 D' F2 B2",,
OKD0TrtaX,37148,2020-09-30T10:10:17.656Z,3x3x3,"U2 R U2 R2 F2 R' B2 L' B2 U2 B2 U' B' F R2 B L R' F D B2",,
mLlOsB3Ml,51229,2020-09-30T10:11:41.457Z,3x3x3,"B2 L2 F' U2 R2 D2 B D2 B' U2 F' D' R' U' B2 U2 L' F U R2 U",,
bI9E34nn9,32881,2020-09-30T10:13:09.424Z,3x3x3,"D L2 B2 U L2 D B2 D2 R2 F2 D2 L' D2 L B' R F2 L B2 U2 B2",,
BFPcjmCnJ,32385,2020-09-30T10:15:55.575Z,3x3x3,"D F2 L2 D' F2 U2 R2 D2 F2 L2 D' L' D R2 U F' U2 R' F U2 R",,
HKvwTzK4O,30188,2020-09-30T10:16:55.920Z,3x3x3,"L B' U' B L U' F R D R2 B2 D2 F' L2 B2 R2 F' L2 U2 B'",,
ihbOpIH9D,46156,2020-09-30T10:18:20.851Z,3x3x3,"L2 F2 R' D2 F2 L B2 U2 L D2 L D' U L U R' F L' B' D2 U2",,
X6xeHZ2WQ,42308,2020-09-30T10:19:52.612Z,3x3x3,"L2 D2 L2 B' U2 B D2 F' U2 R2 B2 L R' D F2 R2 U R' F L2 U2",,
3QxTyr9y4,47294,2020-09-30T10:21:29.999Z,3x3x3,"L F2 L' D2 F2 L F2 L' D2 F2 D2 B' L' D F' U' R2 B D2 R D'",,
6b_0Tteko,39765,2020-09-30T10:23:45.816Z,3x3x3,"F2 D B2 F2 L2 R2 D F2 D' L2 U2 F' D2 L B' R2 U L2 B L2 D2",,
nshv8xE9U,51014,2020-09-30T10:25:16.677Z,3x3x3,"R B D L U' D F D2 B2 L' U2 F D2 F' D2 F D2 F L2 F' D2",,
0rFuG4fns,51170,2020-09-30T10:26:39.441Z,3x3x3,"R2 U' R2 U' B2 R2 U F2 L2 D R2 F' U' F L D2 B2 D' F U' L",,
vpsONvzww,59180,2020-09-30T10:28:21.116Z,3x3x3,"U B2 D L2 R2 D U F2 U' R2 B R F U2 B' D R2 U L R U'",,
KmIgYsq2e,41894,2020-09-30T10:29:50.055Z,3x3x3,"F2 R2 F2 U2 B' L2 U2 R2 F R2 B' R' F2 L2 D U' B U L B",,
cTckKKGja,49176,2020-09-30T10:31:09.931Z,3x3x3,"R2 U B2 U2 B2 D' R2 U' F2 R2 U2 R F' L D B2 R2 F' R D' U'",,
0X5iaWBEh,34973,2020-09-30T10:32:34.922Z,3x3x3,"D' F2 L2 D2 B2 L2 D' R2 U' L' U2 B F' D' R' B2 L' R' D'",,
gf_39jfXh,43882,2020-09-30T10:33:47.136Z,3x3x3,"F2 U' R2 U' B2 U2 L2 R2 U F2 U' B' L D L B2 U' F R2 F2 U",,
Fquqt_hhN,47178,2020-09-30T10:35:01.678Z,3x3x3,"B2 D' B2 R2 D' F2 U2 B2 L2 U2 B U' L U' F D' R' U2 F' L'",,
vYjDyX63T,59167,2020-09-30T10:55:37.519Z,3x3x3,"U' F2 B D' L2 U R' D2 L U' B D2 F R2 F' D2 L2 D2 B D2 F'",,
Tgh1LlwY7,40982,2020-09-30T10:56:45.343Z,3x3x3,"F2 R2 F2 U' L2 B2 R2 U' L2 R2 U B D2 L D F2 D2 F' R D R'",,
wCVGm1Kr_,41339,2020-09-30T10:58:23.556Z,3x3x3,"U' B2 R2 U L2 D2 F2 L2 B2 D' B2 L U B D R' B2 F L' D U'",,
QOYe6v6aq,45031,2020-09-30T10:59:47.869Z,3x3x3,"L2 D U B2 L2 B2 F2 D' B2 R2 U2 L' R' U' L' D' F' U' L D2 L'",,
-IDOFnBM9,38131,2020-09-30T11:01:00.497Z,3x3x3,"B2 R2 U' L2 U2 R2 D F2 U' B2 D R' U2 F' L2 F' R U' L2 F R'",,
u3SDq7nhT,44181,2020-09-30T11:02:34.138Z,3x3x3,"D2 U2 R2 B' D2 F2 U2 B U2 F U2 R D' L2 D2 R2 U' L' B R' D2",,
gvKy__e_f,39506,2020-09-30T11:03:44.557Z,3x3x3,"L2 D2 F L2 U2 B2 U2 B' R2 F' L2 U' B' R2 D2 U R' U' B2 L' B2",,
Ha2UVqHPm,41748,2020-09-30T11:05:08.851Z,3x3x3,"L2 U' B2 L2 B2 F2 U' R2 D U2 R2 B' U2 L F' D L' B D L2 D",,
9Kd7yXLe0,85459,2020-09-30T11:07:44.789Z,3x3x3,"R U2 F' L D L B2 R F' U2 F2 L2 D2 F2 U' F2 D B2 R2 B2",,
OSMO_lVxi,43160,2020-09-30T11:09:13.455Z,3x3x3,"R2 B2 L2 B D2 B' F U2 L2 R2 D' B' L2 D L U' R' F' D' R' F",,
HXn5cSJy6,30166,2020-09-30T11:10:14.495Z,3x3x3,"R2 B2 U L2 D2 B2 U' B2 R2 B2 D R' D L' D B R U R D2 U",,
LddZyeAY3,32393,2020-09-30T11:11:27.915Z,3x3x3,"R2 B2 R2 D U' F2 U' B2 U L2 F U' L2 D2 L F' R' B' R B2",,
jhh4Ul3fr,26910,2020-09-30T11:12:28.250Z,3x3x3,"B2 D F2 D2 L2 D' F2 D2 R2 F2 L2 F U F2 L2 B' L' U R F' L'",,
0oyoQcmiN,39383,2020-09-30T11:13:46.806Z,3x3x3,"U L2 D' B2 U' R2 B2 F2 D R2 D B L R2 U R F D F' D2 B2",,
DJCd8-PlF,48164,2020-09-30T11:15:08.999Z,3x3x3,"D2 B' L2 D2 F2 D2 F D2 U2 L2 F D' L' D' B2 F D' R F L' F",,
AaJ9XEsqU,32796,2020-09-30T11:16:22.273Z,3x3x3,"U' F2 L2 D U R2 U F2 U' B2 U2 B F' D' L' D U B R D'",,
A1EAszEC0,27522,2020-09-30T11:17:17.463Z,3x3x3,"U2 R L' U D F' D2 B2 L' F D' R2 L2 D B2 U' F2 B2 U' L2",,
pTzZLt7-p,36160,2020-09-30T11:18:42.309Z,3x3x3,"F2 D L2 F2 L2 B2 R2 D R2 D2 U' B' F2 U' L D2 F2 R2 D F'",,
Ew0vUA15x,35124,2020-09-30T11:19:58.862Z,3x3x3,"F' R2 B2 U' B' U' B2 R' D R2 B2 U2 B2 U2 R2 F2 R F2",,
_pwEerMuM,42654,2020-09-30T11:21:33.645Z,3x3x3,"R' F2 R' F2 D2 L D' B' R' F' R2 F2 U2 R2 D F2 D2 R2 L2 D' R2",,
JJD3zfXvh,34835,2020-09-30T11:22:58.921Z,3x3x3,"U2 R B2 F2 R' D2 F2 L' F2 L2 F2 D' L' R' U' L2 U' R' B' U2 F'",,
e7tuHM2DI,29165,2020-09-30T11:24:22.062Z,3x3x3,"R2 B U2 L2 B2 F' R2 F' D2 L2 D2 U' R' B L U2 B D L F L'",,
nVJ2luuiK,47877,2020-09-30T11:38:03.787Z,3x3x3,"F2 U2 F U2 B' U2 F' L2 R2 F D2 R' D' F' R' F' D' U F' L U'",,
Aloz8cihb,44208,2020-09-30T11:39:27.223Z,3x3x3,"B2 F2 R U2 R' F2 L B2 R2 F2 R' U' B' U2 L B D U' B' R2 U",,
FccJ_HTnL,49207,2020-09-30T11:40:45.611Z,3x3x3,"B' U2 R2 B U2 R2 F D2 F U2 F L' U F' D L B2 U' L' D' L",,
Owm0woE6d,42965,2020-09-30T11:42:37.128Z,3x3x3,"B2 U2 R2 F' R2 D2 F' D2 U2 F L' B2 R' U B D L R2 F2 U2 B",,
jRGaxB-kX,36274,2020-09-30T11:43:51.718Z,3x3x3,"D F2 L2 F2 L2 U' L2 D2 F2 L2 U' B L R' B F2 U L2 B' L B",,
P3VXXYA2m,33195,2020-09-30T11:44:57.752Z,3x3x3,"D L' F R2 D' F B' U B2 L F2 D2 B' R2 B2 D2 F D2 R2 L2 F",,
TQ1GVk-9k,40711,2020-09-30T11:46:09.068Z,3x3x3,"F2 U2 R2 U2 F2 R2 B2 F' D2 F2 D' R B' U2 R2 U' L R2 U2 B2 F",,
WpsrkTylw,39155,2020-09-30T11:47:11.395Z,3x3x3,"B2 U L2 R2 D' F2 U2 R2 D L2 R' F2 U' B D R' B2 F2 D2 L'",,
xe7HdMqK0,47287,2020-09-30T11:48:30.295Z,3x3x3,"U2 F U' D R' F' U F2 L' F' D2 L2 B' U2 F2 R2 F U2 F2 U2",,
sRdhFFep-,32364,2020-09-30T11:49:38.630Z,3x3x3,"R2 B2 L2 R' F2 R2 D2 R D2 R' D2 U B2 L R' B2 R2 F' D2 U'",,
YxylQCCs-,32937,2020-09-30T11:50:39.673Z,3x3x3,"B2 R2 U2 B2 R2 F' U2 F' L2 D2 F' R' F' L B2 L2 F' D' F2 L'",,
qRkO-42XM,39440,2020-09-30T11:51:49.116Z,3x3x3,"F2 R2 D2 F2 D' B2 R2 U' F2 D2 B2 F' D2 B' L F' U2 L R2 D' U",,
LVaoax4v_,36540,2020-09-30T11:53:00.134Z,3x3x3,"R2 B' R U' D' B2 R' D' B U2 D2 R L D2 F2 L' F2 R' U2 D2",,
rA2UiOONH,43822,2020-09-30T11:54:24.641Z,3x3x3,"F2 R' F' B' D L F2 R' U F2 L2 F2 D2 B R2 U2 D2 F' U2 F",,
Y1caV0bSN,28143,2020-09-30T11:55:21.259Z,3x3x3,"F2 R2 B2 R2 F2 U R2 D' L2 D U F' R2 D2 R B2 U L2 F L F",,
FWkhEv1zI,44152,2020-09-30T11:56:38.981Z,3x3x3,"F' R2 D' F2 R D2 L U' F2 R2 D2 F' R2 D2 L2 B D2 F2 U2",,
-4lEs9e7w,26603,2020-09-30T11:57:37.687Z,3x3x3,"R B' U' F' U F U B2 D L2 F2 D2 F2 R' F2 U2 L' U2 R L",,
Ch3HasXZo,40384,2020-09-30T11:59:03.033Z,3x3x3,"B2 D2 B2 U' B2 U2 R2 D2 L2 F2 L U F L' D R' B2 F' L2 D'",,
_5-9cor9E,49166,2020-09-30T12:00:34.004Z,3x3x3,"B' L U D2 L2 U2 B' L2 U R F' U2 F D2 F D2 R2 F L2 F U2",,
KeDbSUJAa,44030,2020-09-30T12:02:04.279Z,3x3x3,"L B' D L2 B2 R' D B D F' R2 D2 L' D2 F2 R U2 L2 D2 L' F2",,
TkTjp_iwl,31250,2020-09-30T12:03:11.359Z,3x3x3,"D2 F2 D' B2 F2 R2 D' L2 R2 D' B2 L F' D' B2 D' U F U' R2 F'",,
RJQjWEMXT,41305,2020-09-30T12:04:27.795Z,3x3x3,"B' L2 B D2 R2 F' U2 R2 F2 D2 F' L' R F R2 B' F2 R2 D B2 F'",,
uX4cxR_1E,38683,2020-09-30T12:05:47.782Z,3x3x3,"B2 U B2 F2 R2 U R2 D' L2 D2 L' F' L2 B' R F2 U' B U'",,
N70sqGEPl,32157,2020-09-30T12:06:59.833Z,3x3x3,"B D2 F L2 R2 F2 U2 B' R2 B' F' L B2 U L B' F D' L2 F2 D'",,
pRKfRHLwW,50010,2020-09-30T12:08:23.027Z,3x3x3,"D' B2 U' D2 F' L' U D' R2 B' R F2 U2 F2 D2 L2 F2 D2 F2 R F2",,
kUKrErSEd,34499,2020-09-30T12:09:32.127Z,3x3x3,"F2 R' D2 B2 L' F2 L F2 R B2 L' B U2 R U' L' B U' F L2 F2",,
cvjfP7DSQ,33022,2020-09-30T12:10:35.367Z,3x3x3,"F2 U R2 U' B2 D2 R2 F2 D F U' F2 L' U' R D F R F' U'",,
MnLAjAjpW,38540,2020-09-30T12:12:40.614Z,3x3x3,"R' U L2 B' L' F R2 D L2 U L F2 D2 L U2 R2 U2 R' F2 D2 R'",,
2hr5Qpi9C,42764,2020-10-01T06:11:47.323Z,3x3x3,"R2 F' L2 B2 R2 F D2 R2 F L2 F U' B L' U' R' B' D2 B' L2 F",,
YhNAmzjqB,46334,2020-10-01T06:13:20.460Z,3x3x3,"F2 D' B2 R2 B2 L2 D' R2 U2 R2 U R D2 U L2 B D2 R2 D' U2 R'",,
esbjqAV9N,44435,2020-10-01T06:42:15.587Z,3x3x3,"B F' L2 F' R2 B L2 B' D2 F2 D2 R D L2 U R' U2 B R' D R",,
u9c63qcBf,40261,2020-10-01T06:44:41.443Z,3x3x3,"R2 F R' L F R D B U' D R2 U2 R B2 R B2 L2 B2 D2 L' U2",,
AW1ZjQ-KS,38708,2020-10-01T06:46:22.604Z,3x3x3,"U L2 U' B2 U' F2 D B2 U L2 U F D' B' L2 U F' U L F' R'",,
FIkonB2ph,38400,2020-10-01T06:48:01.588Z,3x3x3,"D2 B2 U2 D' R F2 U' L B' U2 R2 L F2 L F2 U2 L2 D2 B2 L'",,
PwqRBqKSR,37849,2020-10-01T06:49:50.769Z,3x3x3,"D2 F2 U2 F' D2 R' D' R' D2 R2 F2 D R2 L2 B2 L2 D' F2 D2",,
-bNZTp68n,55990,2020-10-01T06:51:33.098Z,3x3x3,"F' R2 B2 L2 R2 D2 B L2 F2 L2 D2 R U' L' D B F' L D' B' R'",,
Xq00Ojxxi,56605,2020-10-01T06:52:58.261Z,3x3x3,"D' F2 D' R2 F2 U' R2 B2 U L2 R' D' L R' B' R' B D' B' U2",,
OL8UBDYsc,44549,2020-10-01T06:54:38.273Z,3x3x3,"F L2 U R' U L' D' L D' B' L2 F' U2 B2 R2 B' L2 D2 F R2",,
ZrqF4DRz5,37215,2020-10-01T06:56:05.893Z,3x3x3,"D B2 U' B2 D B2 R2 F2 U' B2 D' B U' F2 U' L F D L2 U2 R",,
tS-KI8IsR,32965,2020-10-01T06:57:56.755Z,3x3x3,"B R' F' R2 U R' U' D' F' B2 R U2 L' F2 U2 R' F2 R' F2",,
LGPa-sGtP,40495,2020-10-01T07:07:03.969Z,3x3x3,"B' U2 B R2 F L2 F' D2 L2 R2 B2 U' L2 D2 R B2 F L2 U R' U2",,
R2JW2jf0x,38330,2020-10-01T07:09:35.369Z,3x3x3,"F' U2 L D B' D F2 U2 R' F U' F2 B2 D' B2 U' B2 D' B2 D2 F2",,
JFGo1qdGv,36151,2020-10-01T07:10:50.806Z,3x3x3,"D' R2 D' L2 U' R2 U F2 U R2 F' D U2 L B R' B D' B' F' D'",,
MTjBcGEbc,39345,2020-10-01T07:12:24.429Z,3x3x3,"L2 U' B2 L2 D B2 D2 F2 R2 U2 R2 B L' D U2 B2 L' U L2 D2 F'",,
emoD49CI5,33461,2020-10-01T07:13:46.181Z,3x3x3,"R2 D R2 D' R2 B2 D F2 U B2 D L' F' L2 R2 D' R U2 L' D' B",,
bEqSveYIC,39362,2020-10-01T07:16:46.273Z,3x3x3,"B' R' F R2 U B' D' R' F' D' F' B' U2 B D2 B L2 U2 L2 D2 B'",,
8wlj5xOV0,45910,2020-10-01T07:18:02.970Z,3x3x3,"R2 B2 U2 L B2 D2 B2 L U2 F2 R' U B' D L2 F2 L' U2 B' F' R",,
KluobjQks,38682,2020-10-02T06:22:54.769Z,3x3x3,"D2 B2 D2 B' U2 R2 B' L2 F2 U2 F' L' U F' R2 D F2 U2 L' D2 B2",,
dIugDl7ms,59000,2020-10-02T06:28:16.372Z,3x3x3,"U2 F U2 B U2 F' U2 F D2 L2 F2 L' F U' R2 B' L F2 U' R' F'",,
ZfNBWfr1Y,40989,2020-10-02T06:29:36.637Z,3x3x3,"D L2 B2 U B2 L2 D2 F2 D' R2 D B U2 L D2 R2 F2 R' D' B U'",,
mnyI7kLKk,33283,2020-10-02T06:30:47.513Z,3x3x3,"L2 U L2 F2 U L2 F2 U2 B2 R2 D' R' D B L U2 B' L F L F2",,
_JtxnGSa-,39159,2020-10-02T06:32:12.554Z,3x3x3,"B D2 F2 R2 F' U2 L2 F L2 B L U2 L2 F' R U' B2 L B2 D U2",,
AvsFE3mc4,41700,2020-10-02T06:34:48.981Z,3x3x3,"U' F2 R2 D F2 L2 F2 U' L2 F2 D2 B' R F2 U' B' F' D L2 D' R'",,
oS7Rxb7nM,26195,2020-10-02T06:35:48.197Z,3x3x3,"F2 D L2 D' B2 R2 F2 L2 D' U L B2 F' U2 F' L U2 F2 U' L2 B",,
ExUJ_Da7F,33859,2020-10-02T06:37:05.397Z,3x3x3,"L' B2 L' D L' F' U B' U' R D' L2 F2 B2 D B2 D' R2 L2 U' D'",,
CqA65KfSO,36176,2020-10-02T06:38:13.153Z,3x3x3,"B2 L F2 L R2 B2 U2 F2 R' D2 L' B' U' B D' F R' F' L F",,
obKiqyrVd,34834,2020-10-02T06:39:33.960Z,3x3x3,"F2 U2 B2 U2 L2 U' F2 R2 B2 D2 B2 F' U2 L' D U2 R' D2 R B' D2",,
FkDjgQ6rf,40892,2020-10-02T06:41:26.124Z,3x3x3,"U' B2 D U R2 U R2 F2 R2 D2 R2 B' D' L' R2 B2 D U2 L' B' L",,
4uboF1Nn1,45390,2020-10-02T06:43:38.782Z,3x3x3,"R2 L U D' L F' U B2 R' D2 B U2 F D2 F U2 L2 B' D2 F'",,
0UlYk9SQv,31629,2020-10-02T06:45:17.167Z,3x3x3,"F2 L2 B' U2 F L2 B U2 F' L2 F R F' U' B L B D B2 R' D",,
ZNEyK5zyt,42572,2020-10-02T06:47:17.908Z,3x3x3,"R2 B2 D2 R2 U2 L R2 F2 R' U2 R D' R2 U B U L2 B2 U",,
lXZWcPtOn,33497,2020-10-02T06:52:30.474Z,3x3x3,"L' D' L D' B' D F U' B R' D2 R' B2 U2 B2 R B2 R B2 R",,
ipUp5Ih4R,41784,2020-10-02T06:56:33.329Z,3x3x3,"D2 B2 D2 F' D2 R2 F' L2 R2 U2 R2 D' R' D' B2 F' U L2 D B' R",,
B-oYBqbig,41821,2020-10-02T06:58:06.505Z,3x3x3,"B2 U' L U' D' L' F' L F L' U2 L2 U2 F2 L B2 R' F2 B2",,
mFWD8mHHd,41642,2020-10-02T06:59:19.737Z,3x3x3,"R2 U B2 L2 U' F2 U B2 D' F2 U2 B L U2 F2 R B' D' L U L",,
P2zTpAQCS,43249,2020-10-02T07:00:28.697Z,3x3x3,"L2 D2 L2 B R2 B' U2 F2 R2 F' L F D B U L2 F2 L2 R U2 F2",,
3vYRH5OAH,36785,2020-10-02T07:02:00.913Z,3x3x3,"R' U F2 U B' U' R2 L' D' F' U2 D2 L2 B2 D R2 F2 D R2 D2 F2",,
GWDUlhLB9,42744,2020-10-02T07:03:24.057Z,3x3x3,"L D2 L' B2 L F2 D2 F2 R' B2 D R U' B' D' L2 R U' F",,
maFBUoDWN,46857,2020-10-02T07:05:05.943Z,3x3x3,"U2 L2 D B2 R2 B2 L2 U' L2 D L' D' R' D R2 B2 F' D' L2 F2",,
KepeBlxcn,50161,2020-10-02T07:07:01.909Z,3x3x3,"D2 B2 R2 U' L2 D B2 L2 U' B2 R B' R F R U L B2 L2 B' R'",,
S8nk6wdrR,29574,2020-10-02T07:08:18.423Z,3x3x3,"R' F' R' F U2 B2 D2 F L U2 B2 U F2 U F2 R2 F2 B2 U' L2",,
yEh8sHzlh,40559,2020-10-02T09:44:33.184Z,3x3x3,"F' D B' R U B R2 B' D2 B' U2 F2 U2 R' D2 R2 L' D2 R' U2 F2",,
O7A7m73M6,64751,2020-10-02T09:46:30.085Z,3x3x3,"B2 L2 B2 L2 D B2 L2 D2 F2 U' L2 B L2 B' R F' L' D2 L2 B' U'",,
d2crDwvDO,48001,2020-10-02T09:47:57.857Z,3x3x3,"F2 D F2 R2 B2 D R2 F2 D2 L2 B2 F L B D L D' U R U2",,
hvXEqb3g1,34507,2020-10-02T09:48:58.466Z,3x3x3,"F2 L U' L' B' D F2 D' F' R2 D2 B2 L B2 R' L' F2 U2 R D2",,
l2Dhk--Ah,28554,2020-10-02T09:50:15.087Z,3x3x3,"U L B R D' R L U' R B2 R2 B U2 R2 L2 D2 R2",,
swzeohvdm,31351,2020-10-02T09:51:11.494Z,3x3x3,"U2 R2 U L2 B2 D2 B2 F2 D' L2 U' R B' D B' U' R B2 D2 U2",,
O9niy4tOg,33826,2020-10-02T09:52:44.924Z,3x3x3,"F2 D' L2 D' F2 R2 U2 F2 D' L2 R2 F R' U' F' L B' F U R2 U2",,
Vnv5KfsMv,46018,2020-10-02T09:54:41.214Z,3x3x3,"F2 B' L2 D2 F' U2 D' R F2 L2 B U2 L2 B D2 F2 L2 D2",,
CbunEFi-m,38153,2020-10-02T09:56:04.327Z,3x3x3,"B2 U2 R' B2 R' B2 L2 B2 R' D2 L B U' B' U2 F' L B2 U2 F2",,
RFVli3L15,42384,2020-10-02T09:57:19.040Z,3x3x3,"U' F2 U2 F2 L2 U F2 U F2 L2 D L D U B' U2 F' D2 F D R'",,
iwuh5Dg_O,54244,2020-10-02T09:59:18.571Z,3x3x3,"B L2 F L2 D2 F D2 F U2 R2 U2 R' U F L2 B2 L F' L F'",,
TLYLkOwZg,37384,2020-10-02T10:00:58.341Z,3x3x3,"L2 D2 F2 R2 U2 B' L2 D2 B' U2 F R B2 D R' U B' R B' F2 R2",,
RsnQ_phBW,26287,2020-10-02T10:01:57.202Z,3x3x3,"D B2 D' L2 B2 R2 D' B2 D' F2 U' F D R' F2 R B' F R2 B' U",,
VD3gVpOON,34489,2020-10-02T10:03:18.574Z,3x3x3,"L2 B' D2 F' L2 B D2 F D2 F2 D' U' F' U2 R' U' L R2 U L B",,
TrGRCCYzG,33476,2020-10-02T10:04:57.457Z,3x3x3,"B2 R2 D F2 D R2 B2 R2 B2 U L' R B' R F' D L2 F D' B L2",,
RRz6dmkPO,31724,2020-10-02T10:06:22.911Z,3x3x3,"U' L2 B2 F2 D L2 D B2 R2 F2 D L' B U' F R' B U' R2 F D'",,
L3sZHAh78,41958,2020-10-02T10:07:54.845Z,3x3x3,"D2 R2 F2 R2 B' U2 B2 D2 F' D2 L R F' D L2 U F' R' U2 L2 D'",,
fjuHRB_QF,30558,2020-10-02T10:09:05.948Z,3x3x3,"L2 F U2 R2 U' R' B' U F' R2 F2 L2 U' F2 R2 L2 U' F2 U' B2",,
YAZdcz1WW,38233,2020-10-02T10:11:08.486Z,3x3x3,"B' U2 R2 B' L2 F D2 B L2 U2 F' U' B' R B R2 B U2 R' D' F2",,
WFS93OSh9,35764,2020-10-02T10:12:28.451Z,3x3x3,"R2 D2 B2 U L2 F2 U F2 R2 F2 U2 F' R F' R U' B2 R D R' U2",,
hqFDJ5SxK,35442,2020-10-02T10:13:46.008Z,3x3x3,"U2 R U2 R B2 L' U2 L U2 R2 B' F L D B F R2 B R2 U F'",,
aFOvzkOcw,35009,2020-10-02T10:15:20.400Z,3x3x3,"L2 B F2 R2 F L2 U2 L2 U2 R2 F2 R' U' L' U B R2 D B' L",,
tBOm2TGDI,33426,2020-10-02T10:16:25.171Z,3x3x3,"D2 L2 F2 R' D2 R B2 L' D2 L' F2 U R D2 U' B' F2 L U F R",,
Ne0Nudk1_,43733,2020-10-02T10:17:42.872Z,3x3x3,"R B2 D2 L' B2 F2 U2 L D2 R' U B' D2 B R2 B' L' F D'",,
VYHCQ1cof,39856,2020-10-02T10:19:02.014Z,3x3x3,"U2 F2 R' D' L' B L' F' D2 L' F2 U L2 F2 L2 U2 L2 D' L2 F2 R2",,
8gbyeCvpb,32896,2020-10-02T10:20:31.032Z,3x3x3,"U' B2 R2 D2 U' F2 R2 D B2 R2 U2 R U R' B D B R F' R2 F'",,
rAePzjJ96,46300,2020-10-02T10:22:03.519Z,3x3x3,"B2 F2 D' F2 D' B2 D' F2 D' L2 D' B U' F L' R2 B2 U' F' R B",,
TpJnwYIHd,45177,2020-10-02T10:23:45.414Z,3x3x3,"R L' B2 U L2 U B' U2 L F' U2 F2 U2 L2 B U2 D2 L2 B2 D2",,
xcvqLNCTM,32375,2020-10-02T10:24:50.013Z,3x3x3,"D L2 U' F' B' D2 L' D2 F' U B2 L2 U2 L2 U2 B2 U F2 D' R2",,
P2HDoycYg,47363,2020-10-02T10:26:14.172Z,3x3x3,"B2 R2 D2 U' B2 D B2 L2 D F2 U R' F R2 B2 R2 B' D' L F U2",,
URmWsL6V8,34552,2020-10-02T10:28:06.145Z,3x3x3,"B L2 B R2 B2 D2 F' R2 U2 B D2 L R' D R' U' R' F R2 B",,
-Zvsf-7Q7,55194,2020-10-02T10:31:44.202Z,3x3x3,"R2 F2 U L2 D F' U2 L' F D F2 D R2 U' L2 F2 R2 B2 D",,
55OPOziwx,51533,2020-10-02T10:33:19.125Z,3x3x3,"B' D2 B2 D2 F' L2 F' U2 B L2 B R' D' U2 B2 R B' F R F R'",,
oLDYtWhdU,39477,2020-10-02T10:34:30.374Z,3x3x3,"D' B2 L2 U2 F2 D' F2 R2 D' L2 U L' B' L U2 L' F' L' D' F'",,
j6ZErbGoU,44503,2020-10-02T10:36:25.871Z,3x3x3,"D2 B' L2 B' L U' F2 B' D' F2 U2 B2 R2 U2 B2 U2 R' U2 R2 L'",,
3u2Ff_kNJ,32450,2020-10-02T10:38:54.179Z,3x3x3,"L2 F2 U2 F2 D R2 U B2 U L2 U2 F' L' F' L' D' F2 L R' B' R'",,
WmKH3Ii5U,35605,2020-10-02T10:40:02.194Z,3x3x3,"R2 D2 U2 B U2 L2 F2 R2 B' R2 B' L' D' L2 D B' U L B' F",,
gzhmTe7J9,41152,2020-10-02T10:41:36.544Z,3x3x3,"R2 F2 L2 R2 U2 F2 R2 D F2 U' R' B2 L B D F L' B' U B2",,
9woOZHnIE,35872,2020-10-02T10:45:38.633Z,3x3x3,"U2 F2 R' U2 B2 R U2 B2 L' R' D2 B D' L' F' L' R U' B F R2",,
tPSqy2pN5,37216,2020-10-02T10:46:45.152Z,3x3x3,"B2 F2 D' B2 D' B2 L2 U' L2 U' B' F2 L' F' R D R' U L'",,
DSAeiC88L,38284,2020-10-02T10:48:06.524Z,3x3x3,"F' U2 F' D2 F' R2 B D2 B D2 F2 U' R B' F' U' L' B2 F2 L",,
G5BpPyjrF,43694,2020-10-02T10:49:23.311Z,3x3x3,"U2 B2 R' F2 L B2 U2 R F2 U2 R' F' D2 L D' F L' U2 F' R' B",,
3qlmY6JrX,34189,2020-10-02T10:50:25.494Z,3x3x3,"U' R L2 B2 U L' B' U R U2 F2 R2 U2 D' L2 U' D2 B2 R2 L2",,
-DrceSBUW,31730,2020-10-02T10:51:34.282Z,3x3x3,"L2 R2 F U2 B D2 L2 B L2 F' D2 L R F' L' D L' R2 B2 R' B",,
WlhxKgMi9,36508,2020-10-02T10:52:36.649Z,3x3x3,"L2 F R2 F' R2 U L B2 L U2 B U2 B2 R2 U2 F2 L2 D2 L2 B2",,
gyOPhVaFf,35786,2020-10-02T10:53:50.758Z,3x3x3,"L2 B' U2 B D2 R2 B2 D2 F L2 D2 U' B R D R' D2 L D F2",,
LXvj4r2qS,40022,2020-10-02T10:55:31.044Z,3x3x3,"B' U2 L2 B L2 F2 U2 L2 F U2 B L' U2 R' D B F' D2 B U2 R",,
heV5ADzwM,40542,2020-10-02T10:56:39.672Z,3x3x3,"U' L2 D' F2 D' L2 U F2 L2 D2 B D' B L2 D L' R' B' R'",,
G7NfJYX8J,64274,2020-10-02T10:58:12.726Z,3x3x3,"F2 R2 D L2 D' L2 D F2 U R2 U2 B L' F D2 R D F2 R D' U",,
wFCB1gFll,35422,2020-10-02T10:59:57.378Z,3x3x3,"D2 R D2 L' B2 L F2 U2 L F2 L' B L R' F' L2 B D' F2 L' R2",,
MErCC0hiK,28802,2020-10-02T11:01:41.624Z,3x3x3,"L2 D2 F U2 R2 U2 L2 F' U2 F L2 D L' R2 B2 R2 B' F' U' L' U'",,
KJOmsdO1C,44424,2020-10-02T11:03:45.368Z,3x3x3,"B2 D F2 D B2 L2 D U F2 R2 D' B' R F L U' B' U2 R' F L2",,
57jOsq81J,35995,2020-10-02T11:04:49.640Z,3x3x3,"D2 L2 R2 B' L2 D2 L2 F2 L2 R2 F' D' R' D2 R2 B L F' L U R2",,
YRbip7YW6,39359,2020-10-02T11:06:16.320Z,3x3x3,"U R2 F2 D2 R2 D R2 U L2 R2 U' L B' U' R2 U2 B L' B F' L'",,
Vtj13oaSQ,59931,2020-10-02T11:07:58.885Z,3x3x3,"R2 D F L2 F D' L2 F' R' L2 B U2 L2 D2 L2 B' R2 F' B'",,
Llq8wrHu1,44592,2020-10-02T11:09:18.934Z,3x3x3,"L' B2 R' U2 L' B2 R2 B2 R' B2 L B L B U' R B' L F' U2 R'",,
-PfQBZLcb,48203,2020-10-02T11:10:32.968Z,3x3x3,"B2 U2 B2 L2 D' B2 D' F2 U L2 U' B D2 F2 L2 R' D B D' F L'",,
McQVn-xMz,44213,2020-10-02T11:12:35.622Z,3x3x3,"U2 F2 D L2 U' B2 F2 L2 D R2 D F U R B R U' F2 U' L2 U",,
VGRH1k1iR,41284,2020-10-02T11:13:48.945Z,3x3x3,"B2 L D' F' R' F L F U' D F' U2 R2 B2 D B2 L2 U2 B2 R2 U'",,
UMX6GFsQw,31395,2020-10-02T11:14:44.248Z,3x3x3,"D2 R2 F2 R' D2 L2 F2 R' B2 U2 R' B' D' U' R' B L' D2 R' U' R2",,
J2KDSTsML,46808,2020-10-02T11:16:01.162Z,3x3x3,"L2 F U B2 D' L B' R' B' U B2 R2 F2 R2 F' D2 F' L2 F' L2 B2",,
Sw6H5aqqF,37492,2020-10-02T11:17:15.710Z,3x3x3,"F2 U' R2 D2 U F2 L2 U2 B2 R2 U' B' U2 F' R2 U' F' L' R2 D F2",,
qy0b0nJEG,47381,2020-10-02T11:18:46.656Z,3x3x3,"L2 B2 R2 B2 D' U2 L2 U F2 U2 R2 B R B F' L D' R D2 F' R'",,
UJv7QPFpi,38408,2020-10-02T11:19:58.131Z,3x3x3,"D2 B2 R2 U2 B D2 F L2 D2 B' L U' L2 B L' B' D R' F2 U",,
qUs8kEABG,42493,2020-10-02T11:21:24.848Z,3x3x3,"F2 R F' L B' U2 D2 F' D' B2 U2 L2 D2 B' L2 F' D2 F' D2 L2",,
8WTbOVOgJ,47416,2020-10-02T11:23:34.520Z,3x3x3,"D2 B L2 R2 B' R2 D2 L2 F U2 B2 L U2 R F' D U2 L U2 R2 U2",,
i1LarNaSD,29472,2020-10-02T11:24:36.439Z,3x3x3,"R' D2 L' B2 U2 B2 R D2 L2 B2 L' D B' L2 B R2 F2 U' R U",,
m2Rhx-PH-,31466,2020-10-02T11:25:38.665Z,3x3x3,"U2 L2 B2 U' B2 U2 B2 R2 B2 F2 U L' D F' L' F R D2 F2 U2 R'",,
G97TDaXWJ,38034,2020-10-02T11:27:00.063Z,3x3x3,"R L2 U' D2 R D R2 D' L2 B R' B2 L' D2 L' B2 L' D2 R2 D2",,
i8B4bAgs3,32295,2020-10-02T11:28:16.590Z,3x3x3,"U R2 U' B2 D' B2 L2 B2 L2 D' R' B2 D' B R B2 L' D' B R",,
lfcyYgmS7,32236,2020-10-02T11:29:32.325Z,3x3x3,"U R2 D F2 R2 D2 B2 L2 U B2 L B2 U F2 D' L' B' D F2",,
YAP-5FGT-,27139,2020-10-02T11:30:37.302Z,3x3x3,"U' L2 R2 U' L2 U' R2 F2 L2 D2 F2 L B2 R' B U' R B L U2 R",,
STnicoKHk,27829,2020-10-02T11:31:38.897Z,3x3x3,"U' L B' D' F L U D2 R' B L2 D2 B2 U2 F2 L' U2 L U2 L' D2",,
0bxoDih8b,38948,2020-10-02T11:32:54.646Z,3x3x3,"F2 L' F' U' F2 R B' L F' U F2 R2 B2 R2 U2 B2 U2 L2 D",,
dzfsSbsZa,38724,2020-10-02T11:34:06.398Z,3x3x3,"F2 L2 D' B2 D2 B2 L2 U F2 U' F2 R F' U2 R F' D2 R' B' L D'",,
wXUc10o27,53744,2020-10-02T11:36:28.992Z,3x3x3,"L2 D2 R2 F2 U L2 R2 U R2 D R2 F' D' R' B L2 D L2 U F' L2",,
cF7of9eL7,37687,2020-10-02T11:37:40.984Z,3x3x3,"L2 F R2 F R' F' U2 L B2 D' F2 L2 F' R2 B' L2 D2 F' D2 B2 D2",,
xloTX7LZk,33500,2020-10-02T11:38:43.028Z,3x3x3,"F2 D B2 U R2 U2 L2 D' L2 D' R U' F' U2 L2 B' R D' L' F",,
1wf9uKw7Q,50901,2020-10-02T11:40:25.112Z,3x3x3,"D2 R2 D R F U R L2 B' D2 R' B2 U2 R' F2 L' D2 B2 L' B2",,
JkMdGZeS-,31139,2020-10-05T06:10:47.775Z,3x3x3,"F2 U2 D2 L D' F' R2 B R F2 U2 B2 R2 U R2 F2 U' F2 D' F2",,
XHhMiX-uM,40355,2020-10-05T06:19:25.809Z,3x3x3,"U2 F2 U2 R2 B2 R2 U' R2 U L2 U2 B' U' L2 R' U' F D2 B L2 U",,
EPZmTLo_B,33140,2020-10-05T06:20:52.757Z,3x3x3,"L2 R2 D2 B F2 U2 B' L2 B F' D' B2 L' D' B2 R B' U2 F2",,
0OQl3IArF,27140,2020-10-05T06:44:08.800Z,3x3x3,"D2 L D2 B2 U2 R' D2 L2 U2 L B' D2 L2 U' F' U F2 L D' R2",,
Cp1-f_7Vx,46828,2020-10-05T06:46:44.493Z,3x3x3,"F L2 B2 U2 R2 D2 U2 B F2 L2 F' R' U' B2 L' U R2 F U R F'",,
RYC9yj8zB,46841,2020-10-05T06:48:50.767Z,3x3x3,"L2 U' B2 D' B2 R2 D' L2 U L2 R B R D' U2 L U' R2 B2 R2",,
lAprK6KZY,47346,2020-10-05T06:50:32.550Z,3x3x3,"F2 L' D2 B2 L' U2 R2 D2 R' F2 R F' D L R D2 L2 R U B",,
1Pda7nGXp,37715,2020-10-05T06:51:41.153Z,3x3x3,"U2 R' L2 U L' F' D R' U2 R2 F2 D2 F2 B U2 L2 F'",,
JVqE3zKpb,45697,2020-10-05T06:53:06.778Z,3x3x3,"F2 U' F2 L2 U F2 R2 D' U2 F2 U2 L B' R' U F' D R' F2 D' R",,
cOG-vuZpu,50583,2020-10-05T06:55:00.280Z,3x3x3,"B2 D2 B2 U2 R2 B2 F' D2 L2 F L' D' R' F' D B' L F D R2",,
vOczd-TfS,33528,2020-10-05T06:56:35.322Z,3x3x3,"U2 B2 U2 R' B2 F2 D2 L R2 D2 L D' B' D2 L B' L R U L2 F2",,
GFASriLSG,40195,2020-10-05T06:58:05.005Z,3x3x3,"D2 F2 D' R' U2 R U' B R F' B2 U2 L2 D' L2 U R2 B2 U B2 U'",,
7f4HGZh2H,41253,2020-10-05T07:00:27.693Z,3x3x3,"U2 R2 D' B2 F2 D' R2 D L2 F2 U F U' L' U2 B F' D2 R' F' D'",,
9oN8oNvnn,40581,2020-10-05T23:17:00.724Z,3x3x3,"D B2 D R2 U' B2 F2 L2 U R2 B2 R B' D2 F' U2 F' D2 L2 R'",,
Q6AdW7Kdr,45422,2020-10-05T23:18:25.139Z,3x3x3,"D2 R2 B' L2 D2 B2 U2 B D2 U2 F U F R D' U' R F' L D2 R2",,
a-LCsqcjk,29874,2020-10-05T23:19:25.055Z,3x3x3,"D R2 B2 L2 U' F2 D2 L2 F2 U' L U' R' U R2 F' D2 U' L U'",,
XBFjCU2U0,35904,2020-10-05T23:20:37.363Z,3x3x3,"U' L2 F2 D B2 U' B2 F2 D2 B2 F L' R' U' R D2 R D U2 F2",,
Dl0Mvsu__,43699,2020-10-05T23:23:30.213Z,3x3x3,"D2 B2 L2 U2 R2 F R2 F' D2 B F2 U L' B' L' D U F' R2 F2 L",,
j9VoDGaj1,34162,2020-10-05T23:25:03.252Z,3x3x3,"U' D R B2 U F' D2 R D L U2 B' L2 F D2 L2 F' R2 D2 L2 F2",,
PAWlNu_qJ,75037,2020-10-05T23:29:29.645Z,3x3x3,"R' D R' D2 R2 U' F' R B' U2 R' F2 R D2 L2 D2 B2 R' D2 R'",,
fG_TiZloa,59690,2020-10-06T00:12:22.936Z,3x3x3,"U' F' D2 L' U B' L2 B R' U B2 L' F2 D2 L F2 L2 U2 L' D2 F2",,
44gmaDXxM,32285,2020-10-06T00:18:54.739Z,3x3x3,"B D2 L' F' B' D2 L2 B2 L U F2 U2 F' L2 U2 F2 R2 D2 B2 U2",,
3Zr4uRiPk,36963,2020-10-06T01:42:51.922Z,3x3x3,"F2 U2 R2 D R2 F2 D F2 U' B2 U L' U' B' U2 L2 U' R B2 R2 D'",,
gi-a3zZ_q,37917,2020-10-06T01:49:30.184Z,3x3x3,"R2 F2 L' B2 R' B2 D2 L' D2 R U2 B F R D B' F2 D' B' R D'",,
M20o2xW3n,31377,2020-10-06T01:51:14.985Z,3x3x3,"U' R2 F2 D B2 U' F2 D2 L2 U B D R' D U F D' B2 D2 U",,
FQYnd7sCs,44199,2020-10-06T01:56:21.646Z,3x3x3,"L2 U2 F U2 B' D2 L2 R2 F' U2 F' U' R U' F' L' R B R' D B2",,
4QRch_GCu,29375,2020-10-06T04:01:14.283Z,3x3x3,"L2 B2 R' D2 L2 D2 L U2 L' F2 U2 B' R2 D U' F' D2 L2 U2 R' U2",,
7G9JvciyI,50405,2020-10-06T04:09:09.896Z,3x3x3,"D2 B2 U B2 U' B2 L2 U2 R2 B D' F2 U' F2 U' F' R F2 U",,
LEuiy7_fM,50470,2020-10-06T04:10:42.767Z,3x3x3,"U2 B2 F L2 R2 U2 F D2 L2 D2 B' L D2 U B F2 D' U2 R' U L2",,
4OM9aTh3z,36120,2020-10-06T04:19:11.642Z,3x3x3,"R2 D U' F2 D' R2 U' R2 U L2 F2 R F' L' D' B R B2 L' B2 R2",,
No0ijp-RO,39970,2020-10-06T04:22:22.720Z,3x3x3,"U R2 U' B2 U' L2 R2 U2 F2 R2 F2 L' D2 R' U B L' R' B' U2 L",,
REHzHQPQm,45244,2020-10-06T04:25:24.373Z,3x3x3,"L U B2 U' L2 F U2 F' R' B2 U2 F2 D F2 R2 U D2 F2 L2 D'",,
tlj0UxbMC,41515,2020-10-06T05:12:30.679Z,3x3x3,"R2 F L2 D2 U2 F2 R2 B F2 U2 F R' D2 L' B2 D U B2 F' D'",,
FF5IFWjcp,45874,2020-10-06T05:57:04.110Z,3x3x3,"L2 D R2 D B2 F2 D L2 D2 R2 D L' U F' D' L2 U2 L' B R' F",,
k-SpkPDCv,47319,2020-10-06T06:04:09.339Z,3x3x3,"D2 R2 D2 B D2 F2 L2 B F2 R2 D' B L R2 D' L2 F2 D2 R' F2 R'",,
Kd8RW5DQQ,43631,2020-10-06T06:09:53.573Z,3x3x3,"R2 B R2 F2 U2 B' U2 L2 R2 B2 F2 L' U' R' F D L R' D U2 F'",,
Ojrir6FlR,38954,2020-10-06T06:15:32.028Z,3x3x3,"F L2 B2 U2 R2 U2 B D2 F' U2 F' L' F L' F' R F2 U' B D' R",,
HeL1HGq0G,39679,2020-10-06T06:17:08.173Z,3x3x3,"D R2 U2 F2 R2 B2 L2 U B2 U R2 F L' B' D' B' D B' D2 F2 D",,
xpwNH8Oci,36540,2020-10-06T06:18:39.005Z,3x3x3,"R2 F2 R2 F2 D2 B' U2 L2 F L2 R' B2 D F U' L' F R F2 L2 D'",,
pXbCGlspy,35146,2020-10-06T06:19:45.558Z,3x3x3,"R2 F2 D2 U2 R B2 L D2 U2 R D B F2 L2 U' F' R B R'",,
VW762YaDd,86616,2020-10-06T06:22:36.782Z,3x3x3,"L2 B U2 B L2 B' L2 D2 U2 B2 L' B' U2 R F2 R2 D' B F2 L'",,
BG3cjgdmx,50344,2020-10-06T06:24:51.448Z,3x3x3,"R2 F' D2 B D2 F' L2 B2 F D2 F' L U2 L2 F2 U L2 U2 L D U'",,
LEA9blow3,78009,2020-10-06T06:26:36.729Z,3x3x3,"L B2 U2 F2 L2 F2 R F2 R2 U2 L' F L2 D B2 U L2 U R2 U2 B",,
J0aoZNSMi,47404,2020-10-06T06:28:44.207Z,3x3x3,"D' R2 D L2 B2 L2 B2 D2 L2 D' B2 L' D2 B2 U' F' U R' B' L' D",,
CgQlgTL6z,49599,2020-10-06T06:30:18.048Z,3x3x3,"B' L2 U2 L2 R2 B' L2 F R2 F R2 U B L2 U R' B L D2 B2",,
Lxkzc0Qhw,38152,2020-10-06T06:31:32.195Z,3x3x3,"D2 L' U R' U2 B U2 L' U' D2 L F2 D2 L' U2 L D2 L U2 R",,
RHZeN8Lxt,53473,2020-10-06T06:32:54.346Z,3x3x3,"L F2 L D2 L D2 U2 B2 R2 D2 R2 B' R' D' R2 B U L' B' F2",,
ZXpUnQAJa,49542,2020-10-06T06:35:28.694Z,3x3x3,"B R2 U2 F L2 F L2 B' R2 F L2 D' B' R2 U' F R F' D R' B",,
QC_Pn4JF2,74750,2020-10-06T06:37:44.236Z,3x3x3,"F2 D B2 U' B2 F2 U2 R2 B2 U' R' U' R D2 F' D' F L' D R2 B",,
mBjVyJ8TK,39670,2020-10-06T06:39:48.969Z,3x3x3,"B2 F2 R2 D' U2 L2 D' U2 F2 L2 F' L D B' R B2 L B L D F'",,
dc4oTK0f4,55394,2020-10-06T06:43:55.996Z,3x3x3,"D' R2 D R2 D' B2 F2 D R2 D2 B' L' B' F2 U R' B D L' U R2",,
FlqaX4God,36871,2020-10-06T06:58:09.987Z,3x3x3,"R' U2 R' B2 L' R2 D2 U2 B2 U2 R2 B' F L' D F D U R2 F' L'",,
VQTEejs5Z,46018,2020-10-06T06:59:31.008Z,3x3x3,"F2 U2 B2 U2 R2 D2 B L2 F R2 D2 U F' U2 B R B2 U B2 L",,
RPMBx0c4S,38464,2020-10-06T07:00:49.461Z,3x3x3,"L2 B2 U' F2 D F2 D R2 F2 U2 L2 R D' L' D2 B2 L2 F U R F2",,
nKhg4cxRl,36595,2020-10-06T07:02:47.670Z,3x3x3,"U R' B' D2 B' D2 L U' R2 L2 F L2 B' L2 U2 F D2 B2 D2",,
TPMgfe75Y,28674,2020-10-06T07:03:49.174Z,3x3x3,"B2 U2 F R2 F' L2 U2 F' L2 B2 D2 R' D2 F' R2 B2 D' F' D U' L",,
1d9bBupla,38946,2020-10-06T07:05:53.391Z,3x3x3,"L2 D2 F2 L2 R2 F' D2 B R2 B F L' D B R' D' F D' U' R F",,
IxSOoSwlz,30982,2020-10-06T07:06:55.817Z,3x3x3,"R2 U F2 D B2 U' F2 D2 F2 L2 F' L2 R2 U' F' U' L F' L' R",,
e613rF2Vg,38027,2020-10-06T07:08:10.986Z,3x3x3,"L U2 F2 U2 L U2 L' F2 L' R B2 D' L' U2 R' U2 R B' U L",,
ho4We_pIw,44154,2020-10-06T07:09:40.973Z,3x3x3,"R B U D2 B' U' R L2 U L U' B2 R2 U2 B2 R2 U B2 D' R2 L2",,
EXQ9WweHL,36485,2020-10-06T07:10:50.250Z,3x3x3,"U2 R2 B' D2 B2 U2 F' L2 F' R2 F2 L U F2 U2 B' R' B L2 D' F'",,
rJhIPAPHQ,29140,2020-10-06T07:11:58.890Z,3x3x3,"R2 D' F U' D2 L D' L' B2 R L2 F2 U2 D2 R2 U2 B' L2 F2 U2 B2",,
hNkOHlnh-,36401,2020-10-06T07:13:08.640Z,3x3x3,"F2 R2 D2 R' U2 F2 D2 B2 L' U2 B' R' D2 F2 R2 U' R D' F' R'",,
84mRUXYfp,44431,2020-10-06T07:14:27.139Z,3x3x3,"D F2 U' F2 R2 F2 D2 F2 U L2 U' F' U F2 U' B F' R' F2 U' L'",,
x03R-kO4P,36179,2020-10-06T07:16:06.769Z,3x3x3,"D R B2 L2 D R B' L2 F R2 U R2 D2 F2 B2 D L2 U F2 B2",,
Pd2da_Jlt,45511,2020-10-06T07:17:45.191Z,3x3x3,"R2 U' B2 L2 D2 U B2 D2 R2 B2 R2 B U2 L F2 L2 U2 B2 D",,
icVCOZvj9,42358,2020-10-06T07:19:15.480Z,3x3x3,"D2 L D2 R' U2 R2 F2 L2 R' B2 D2 B D2 L F D' B' R' F",,
Rb88pv3wo,47495,2020-10-06T07:20:31.299Z,3x3x3,"B2 U F2 L2 R2 D' F2 D' L2 R2 D' F R D2 L' D2 L' F2 R2 F2",,
kJ-eU_ghG,43225,2020-10-06T07:21:49.510Z,3x3x3,"L2 D2 R2 D2 F2 U2 R2 B' L2 B U' F2 R' U2 L2 B' D2 F D' F",,
6FQH2mq8g,37157,2020-10-06T07:23:29.325Z,3x3x3,"B2 R' U' R2 F U2 D R F' R U2 B2 L2 D' R2 D' F2 L2 F2 U2 L2",,
inAWsrCKU,47693,2020-10-06T07:25:10.932Z,3x3x3,"R' U' L' U B R B' D' L B U F2 L2 B2 U' F2 R2 D' R2 B2 D2",,
YvMBX2gDM,65846,2020-10-06T07:27:02.414Z,3x3x3,"L' F' U D2 R' F' U2 L F2 U' R2 U2 R2 F D2 L2 F U2 L2 B L2",,
ZujJ7LBsx,61161,2020-10-06T07:28:23.324Z,3x3x3,"D2 R2 F2 D' F2 D B2 R2 B2 L2 D2 L F' R' B F' U R2 F2 L' D2",,
t8eBf55f9,49346,2020-10-06T07:29:31.317Z,3x3x3,"B2 D' L2 R2 D2 R2 U L2 U L2 B' R U2 R' B2 L F2 R B' U'",,
Nv8H1FfbO,63932,2020-10-06T07:30:58.458Z,3x3x3,"R2 F2 R U2 R' D2 B2 F2 R2 U2 R' F L D' F' U2 F' U' L' B' R'",,
yrcPDTgiG,38393,2020-10-06T07:32:02.310Z,3x3x3,"D2 B' R2 U2 F2 D2 F' U2 B' D2 F2 U F D L2 B' U2 B2 F2 R U",,
B5aEQIA8E,40695,2020-10-06T07:33:16.285Z,3x3x3,"L F2 L B2 L' U2 R B2 U2 R2 U2 B U' B U2 L' F2 U' F D'",,
1Kzyq-vOj,56511,2020-10-06T07:34:39.002Z,3x3x3,"B' L' D B' R2 U L' B U L U2 R2 U2 F2 D2 L' B2 R' D2 L2",,
5De4WDyCY,44641,2020-10-06T07:35:44.598Z,3x3x3,"U2 F R2 U2 B' D2 B' F2 R2 B2 L' F U2 F2 U B U2 F2 R U",,
Y34e71RYt,38183,2020-10-07T02:21:26.140Z,3x3x3,"U F' R' F2 B' D' R' B' U2 R B' D2 R2 U2 D2 B L2 F2 B' L2 B2",,
j_EIav3mD,39546,2020-10-07T09:47:03.721Z,3x3x3,"D2 R B2 L2 D2 L2 U2 L B2 F2 U2 B' L' U L2 D2 U2 F2 L U B",,
klyN0ePwJ,38988,2020-10-07T09:48:30.662Z,3x3x3,"R2 B2 U2 F' L2 D2 F2 U2 F L2 U2 L' F' R' D' L' R2 B' D' B",,
zoI34Z6o9,53161,2020-10-07T09:50:47.999Z,3x3x3,"U2 D' F D' B2 R2 F2 U2 R' B' U' B2 D2 L2 B2 U2 R2 B2 L U2 R'",,
ZsH8kbi18,44980,2020-10-07T09:52:00.769Z,3x3x3,"D2 B2 L2 U' B2 U' F2 D' B2 F2 U2 B' L F R D U2 B2 F' R2",,
SpD_gV_7y,46519,2020-10-07T09:53:45.982Z,3x3x3,"U F' B' D2 R' F' B' R' D L' U2 R2 F2 R F2 R2 B2 U2 B2 R",,
f8C1vlHCZ,40915,2020-10-07T09:54:58.266Z,3x3x3,"R2 U2 B2 U2 B' F2 R2 F U2 R2 U B' L D' U2 F L B' F2 U2 R'",,
II00Yz-JO,59950,2020-10-07T09:56:36.309Z,3x3x3,"U2 F2 L2 F' D2 B F2 L2 F' R2 D2 R B2 R2 B L D' U' B U F",,
QDliyWh1P,37283,2020-10-07T09:57:56.919Z,3x3x3,"U' R2 U2 L2 D' R2 B2 U L2 U' L2 B L' F' D B L' D2 L U L",,
UPi1hTXCl,29807,2020-10-07T09:58:56.274Z,3x3x3,"B2 R2 F U2 B' U2 F L2 D2 L2 F' L D R2 D R2 U L2 R' U2",,
7jaAy1Fmp,43268,2020-10-07T10:00:21.066Z,3x3x3,"B D' F B R' L' B' U2 L' D L2 D' F2 U' B2 D L2 D2 L2 F2",,
zTuhiqmRn,40816,2020-10-07T10:01:32.749Z,3x3x3,"R2 B2 R' F2 R' D2 R' F2 L B2 L' U' L' B' U2 F' D U B F'",,
W4EZdw3W7,39150,2020-10-07T10:02:39.932Z,3x3x3,"U2 R2 U2 F' U2 B' L2 B R2 B2 U2 L D2 F U' B D F U B' L2",,
lup2EXjBT,42166,2020-10-07T10:04:01.444Z,3x3x3,"L2 U' F2 L2 F2 D R2 U2 R2 D F2 R' D B L2 D2 U L2 F2 L F'",,
ToVpu4sNK,30362,2020-10-07T10:08:09.315Z,3x3x3,"L' B' R2 L' U' B L2 U2 L F' R2 L2 U2 R2 B R2 B L2 U2 F2",,
p3WdYaU1v,34874,2020-10-07T10:09:12.557Z,3x3x3,"D L2 B2 D' R2 D R2 B2 U' R2 U2 R D2 B' D F2 L R F U F",,
-Z3mfGBuW,33606,2020-10-07T10:10:13.384Z,3x3x3,"D2 B' L2 B' D2 F L2 R2 B' L2 R2 D F2 R F' L2 F' L U2 L2 B'",,
lBEPnleJW,63658,2020-10-07T10:12:05.044Z,3x3x3,"D' L2 U' B2 U R2 D2 B2 D' F2 U' B' F R F' L2 B R2 D U2 R2",,
DCLMeTp9p,40574,2020-10-07T10:13:16.055Z,3x3x3,"L2 D' L2 D' L2 D' L2 F2 L2 F2 U' L B' D' R F' L F U B D",,
VVqr3PoUP,49721,2020-10-07T10:14:44.743Z,3x3x3,"F D2 F2 U2 B' D2 B U2 L2 B2 R2 D L' R D B F D U L B2",,
KFvQ8j51H,57178,2020-10-07T10:24:02.492Z,3x3x3,"F2 L2 U' B2 D2 L2 B2 D' B2 F2 U R' F L' D2 B2 D B D' F U",,
niyZxSE2U,40382,2020-10-07T10:26:20.258Z,3x3x3,"F' L' U' D F L' B2 R2 L F' L2 B2 R2 U2 F' R2 B' D2 B' L2",,
30RGt2SU1,25168,2020-10-07T10:28:47.396Z,3x3x3,"B2 L2 F' L2 D2 F D2 L2 U2 L2 B L D' B2 L2 B' F D' U' L'",,
8lSOSRwHY,53216,2020-10-07T10:30:57.595Z,3x3x3,"R2 F2 U2 F R2 D2 F2 L2 B' L' D' B L2 B' F' L2 R' F' R2 U2",,
dn5krofaK,34437,2020-10-07T10:32:52.941Z,3x3x3,"U L2 B2 F2 U R2 U' B2 D2 L2 F2 L D L R2 B' D' L2 R2 D2 U'",,
tiuqMYfHo,41254,2020-10-07T10:34:20.239Z,3x3x3,"D' B2 R2 D B2 U2 B2 L2 D B L R2 B' F2 D' U2 F2 R' U2",,
5YeQIXcF7,46350,2020-10-07T10:38:22.562Z,3x3x3,"D2 U2 L U2 L B2 L' B2 D2 L2 U2 F R D R2 F' D R2 U' L2",,
v8WYzlXSH,35408,2020-10-07T10:39:26.713Z,3x3x3,"L2 F2 R2 U L2 U L2 B2 L2 D' U2 L U' F2 U2 B' R' D' R2 D' R2",,
G7E6RtTgs,40867,2020-10-07T10:41:57.710Z,3x3x3,"R U2 L' F2 R2 U2 F2 L' U2 R2 F L' B2 U' R D' B' F' D F' R'",,
2m8kOQ6ql,80158,2020-10-07T10:43:50.859Z,3x3x3,"F2 R2 D R2 U' L2 R2 B2 U' L2 D2 B U L R' B2 D R F R2",,
N-fbi3nXS,46032,2020-10-07T10:45:07.962Z,3x3x3,"R2 U' F2 U R2 U' B2 U B2 U' R' B' D2 U2 F R2 B L' R D U",,
nLuh6EYLN,48298,2020-10-07T10:46:32.289Z,3x3x3,"D' R2 D2 U' B2 U2 R2 B2 L2 F2 R U L2 B R2 D' L' U' F2 L F",,
KKj606wZ6,61206,2020-10-07T10:48:06.973Z,3x3x3,"U2 R2 B2 D F2 D2 B2 U B2 F2 L' U2 F R D F R' D' B' R2",,
s5orMRZSF,29174,2020-10-07T10:49:06.516Z,3x3x3,"L2 D F2 R2 B2 L2 F2 U2 F2 U L2 F D' F2 D2 B' F2 D2 R2",,
st2UWJnI6,31163,2020-10-07T10:50:05.858Z,3x3x3,"B2 U' R2 F2 U' B2 D2 R2 F2 U' F L B2 D' U B' U2 F' U",,
9P3g1bPDD,30715,2020-10-07T10:51:02.270Z,3x3x3,"D F2 U F2 U' B2 D' B2 U2 R2 F' L U L2 U B' U' R F'",,
6Jx-hJNeh,37159,2020-10-07T10:52:12.823Z,3x3x3,"R B R2 B L' U' R' B R F2 B2 L2 D2 B2 D' R2 U' B2 U B2",,
FRcKiDvxu,35148,2020-10-07T10:53:32.700Z,3x3x3,"F2 D' L D R' D' R U' F D' R' F2 D2 L2 U2 L F2 B2 U2 L' U2",,
lzOnASJVB,38873,2020-10-07T10:54:59.875Z,3x3x3,"B2 R' F2 R F2 R B2 L2 F2 R B' U F2 D F' L2 D R B' L F",,
IWe0zxx11,41549,2020-10-07T10:56:12.158Z,3x3x3,"F' R L2 B U2 D' F2 D R B2 D2 R D2 L B2 U2 R2 F2 U2",,
pR3qjOm7Z,33200,2020-10-07T10:57:19.022Z,3x3x3,"B2 F' D2 F' L2 R2 D2 F' D2 F2 R2 U' R F' U' B2 R2 D R2 U B2",,
PHVyvFNVp,33598,2020-10-07T10:58:52.975Z,3x3x3,"D' L U' B' L U' L' F2 L2 U2 D' L2 D2 L2 B2 D' F2 R2",,
tK2Q9_5Od,47741,2020-10-07T11:00:13.164Z,3x3x3,"F2 L' F' U' B2 D2 B2 L' B R2 L2 U2 F2 R2 D F2 D' R2 U' R2",,
KdRAzj9xx,33824,2020-10-07T11:01:28.745Z,3x3x3,"D' L2 F2 U F2 D L2 D' L2 U' B F' D' L' D' L R U F R2",,
9McsgCctd,28732,2020-10-07T11:02:23.486Z,3x3x3,"U2 B2 F2 R2 F2 D' F2 D' U2 B2 D' B' L' B' R' D' L U2 B2",,
8eXMtKpPw,54769,2020-10-07T11:03:43.739Z,3x3x3,"L2 D' L2 D' F2 D2 L2 F2 D' U' B2 L' R' U' F' R U' F' U B R",,
t1ok9-_HS,20180,2020-10-07T11:04:34.195Z,3x3x3,"D2 U2 B U2 B' D2 U2 B2 D2 R2 U' L F' D L' F' L' B' D' U' F2",,
8mszk-9yQ,42268,2020-10-07T11:05:59.106Z,3x3x3,"R2 U2 B2 D2 F2 B' R2 U2 L F2 D L2 U2 B2 U F2 U2 F2 U' F2",,
6xtTYalta,34149,2020-10-07T11:07:07.975Z,3x3x3,"L2 B' U2 F' R D' L' B2 D' B' D2 L2 F2 R2 F R2 B' D2",,
ggiJuJtHr,79448,2020-10-07T11:09:14.917Z,3x3x3,"R' L2 F B L B' L U' D F2 B2 L2 B' D2 B' L2 D2 L2 B'",,
rSdGrDNZt,43812,2020-10-07T11:11:05.612Z,3x3x3,"F R2 D L B L2 B2 U' F' U B2 L2 F2 U F2 R2 U' F2 U' R2",,
waN7HWWqg,38443,2020-10-07T11:12:17.274Z,3x3x3,"D2 B' D2 L2 B2 F L2 F R2 D2 F U' R2 D' F' L D' B F2 L",,
Ky2K-fTbl,26850,2020-10-07T11:13:14.278Z,3x3x3,"B2 D2 R2 B2 R2 F D2 R2 D2 L2 U2 R' U F D L2 F L U2 L2 B",,
h_bkjVd9a,39466,2020-10-07T11:14:28.051Z,3x3x3,"F2 R2 B2 D2 F2 R' F2 R2 D2 B2 R2 F' D F2 U R F R2 D' F2",,
QaExI-WCn,47220,2020-10-07T11:16:34.831Z,3x3x3,"L2 D B2 D L2 R2 D B2 D B2 D L B' F' R B D2 R2 B' F' R",,
IVi7upgfl,33210,2020-10-07T11:17:40.357Z,3x3x3,"D F2 L2 F2 R2 F2 D' B2 R2 D L2 B' U' F2 D' U' B' R' D' B' R",,
fvcCby-Ne,44593,2020-10-07T11:18:56.065Z,3x3x3,"L2 F2 D2 L2 R2 F' R2 F' L2 U2 F D L U R' B U' F' D2 B F2",,
xl0cu4kG0,51561,2020-10-07T11:20:15.505Z,3x3x3,"D' L2 U' R2 F2 U R2 U' R2 D2 R' F' L' F' U L2 D F R' B' L'",,
oi-h8zpaR,33161,2020-10-07T11:21:54.446Z,3x3x3,"R2 U' L2 F2 U L2 R2 U' B2 F2 D2 F' D2 R2 B' L D2 B2 R U' F",,
yb93eE3lT,34509,2020-10-07T11:22:57.425Z,3x3x3,"D2 R U B' U D L2 U R B2 D2 R' F2 L' U2 F2 L2 F2 B2",,
5C3QVut5M,33154,2020-10-07T11:24:04.760Z,3x3x3,"B2 D L2 U' R2 U' L2 F2 U B2 D2 B L B' F' R' F2 R2 F2 L F'",,
Sj2ZzFGFh,27282,2020-10-07T11:24:56.288Z,3x3x3,"D2 B2 U2 R2 B L2 U2 F L2 B2 L2 R' U' F' R U2 L U2 R D2 U",,
Z_UzQU0ZS,48974,2020-10-07T11:26:14.029Z,3x3x3,"R2 D2 B2 U2 L D2 B2 L2 D2 B2 L B U' L2 D' F2 L B U' F2",,
2xEeKAWN9,44735,2020-10-07T11:27:31.656Z,3x3x3,"U2 L' F2 R U2 R' U2 R' U2 B2 U' R' U2 R F' U2 L2 D B2",,
Ms8hefGok,42156,2020-10-07T11:28:50.334Z,3x3x3,"D B2 D' B2 U' L2 U2 F2 L2 U F D2 B' D' F2 R' U R F2 R",,
BbiWejsoL,37605,2020-10-07T11:30:04.628Z,3x3x3,"L2 U B2 D U R2 U' B2 F2 R2 F' D2 L F U2 F U B R' F U",,
loPyqiHYD,35149,2020-10-07T11:31:18.076Z,3x3x3,"B R2 F' L2 R2 F2 L2 U2 F' R2 D2 U R2 U' B' D' L D' F2 L2 U2",,
LV07_jpeN,43844,2020-10-07T11:32:48.078Z,3x3x3,"R F' U' B L' D R F' R' B' R2 L2 U2 L2 U B2 D R2 U R2 U'",,
AscXdFjoU,35977,2020-10-07T11:34:07.197Z,3x3x3,"L2 B2 L F2 R2 U2 F2 R D2 B2 L' B' F D' L D B D2 U R'",,
AXeZyExHc,27905,2020-10-07T11:35:09.695Z,3x3x3,"L' F2 U' L F D' R' L B D B2 R2 L2 U' D2 F2 L2 U' R2 L2",,
vrFi4IGoZ,33425,2020-10-07T11:36:19.854Z,3x3x3,"F2 R D2 R D' R B2 L' U B2 D2 R2 F B2 U2 B L2 F R2 D2",,
RHeGFBvL9,47178,2020-10-07T11:37:32.814Z,3x3x3,"D2 R' D2 F2 U2 B2 L B2 R' F2 L' F' U' F' D' F2 U F' L B",,
JiSwTIQug,39157,2020-10-07T11:41:02.916Z,3x3x3,"D2 U B2 F2 R2 F2 D2 F2 U B2 R' B U2 B' D B2 L' B2 U F'",,
Gb8_Mf3JM,38255,2020-10-07T11:42:14.109Z,3x3x3,"L2 D2 L2 F D2 R2 B' F2 U2 R2 B D' R B2 U2 R D' U F L' U'",,
FgjwgQf-c,64903,2020-10-07T11:43:46.739Z,3x3x3,"D2 B2 L U2 L' F2 L' F2 D2 L D B' R' F2 U2 B2 R' U' F' L",,
Dq8YvzSSu,43163,2020-10-07T11:45:07.036Z,3x3x3,"B U F D' B L' B' R F D L D2 R2 D2 R' F2 U2 R U2 F2",,
EFWP7ffki,40539,2020-10-07T11:47:07.997Z,3x3x3,"R B' L2 U2 D R2 B R' F' D R2 D2 R2 F B' L2 U2 B' U2 F2 R2",,
Tvg852ME7,38484,2020-10-07T11:48:14.519Z,3x3x3,"B2 R F2 D2 R F2 L D2 L2 U F U R' B' L2 U' B R B2",,
ZC1gozOpV,42425,2020-10-07T11:49:33.783Z,3x3x3,"R U2 L' B2 U2 B2 L' D2 L' D2 F2 U L' B D' L' F R D' U R2",,
JuQ7OwxUr,27317,2020-10-07T11:50:36.675Z,3x3x3,"F R2 F2 L2 D2 U2 B' U2 F' D2 F' R' U F2 R2 F2 U2 B' U2 L D'",,
N7kIdadsw,33884,2020-10-07T11:51:49.183Z,3x3x3,"B U2 F' R2 D2 L2 U2 B' L2 B' F' D L B2 F2 L' F2 D' R B F'",,
Bprhcgvm2,37598,2020-10-07T11:52:53.931Z,3x3x3,"R2 F2 R2 D' L2 D B2 U2 L2 F2 D2 B' L2 R' F R' D2 L U R F2",,
hgMVaz75y,37510,2020-10-07T11:54:09.133Z,3x3x3,"F' L2 D2 R2 U2 B2 F' L2 F2 R2 F' D' L' R' D2 F' D2 L' U B2 D'",,
n1ZrNq4II,28449,2020-10-08T00:45:41.131Z,3x3x3,"U2 L B2 R2 B2 D2 L D2 R B2 U2 F U2 R U' B U' F D2 F'",,
hK1ZXajfH,25844,2020-10-08T02:13:34.021Z,3x3x3,"L2 U F2 R2 D' L2 U' B2 U2 L2 F' D' U R U F L' R B' R' B",,
xZCZOZ6tv,34693,2020-10-08T02:16:06.860Z,3x3x3,"B' L2 B' U2 R2 U2 F2 D2 F2 L2 R2 D L D' F L' R2 U2 L F L",,
rtYiF9z1X,30224,2020-10-08T02:21:33.985Z,3x3x3,"D2 F2 D2 B2 L2 D' R2 F2 D' B2 R2 F L' U' R' B D' B' U R' U2",,
HnOriPMku,38975,2020-10-08T02:47:20.261Z,3x3x3,"L D2 F U' F U D2 B L' F2 U' L2 D2 B2 U' R2 D' F2 R2 D2",,
_qxBthZKx,33155,2020-10-08T02:48:38.232Z,3x3x3,"D L2 F2 R2 U B2 D R2 U2 L2 F L' B' L' F2 R' U' R2 B L2",,
eBF0394i8,31358,2020-10-08T02:49:37.059Z,3x3x3,"F2 R2 U' R2 D' B2 U' B2 L2 D L B U2 F L2 U L D' R2 F",,
u6ffyixJO,35703,2020-10-08T02:50:40.763Z,3x3x3,"D2 F2 D2 R2 D' F2 L2 D' B2 D2 F2 L' U F L2 D' B2 F' R F' D",,
qTgXRbaGr,27413,2020-10-08T02:51:45.386Z,3x3x3,"D L2 D L2 R2 B2 D L2 F2 D U' R' D2 U F U' L2 B2 R U2 B2",,
sQkYJtW_Z,25953,2020-10-08T02:52:42.014Z,3x3x3,"B' L2 B2 D2 F D2 U2 R2 F D2 F' D F D2 U2 L U2 B2 D' U' F'",,
sJDftI9Bw,26193,2020-10-08T04:53:17.957Z,3x3x3,"R' B2 R U2 L U2 F2 R F2 L2 F2 U L2 F U R U R F U2",,
G3IIohf55,29777,2020-10-08T04:55:05.030Z,3x3x3,"U2 L2 B2 D L2 F2 U2 L2 U F2 U2 R F2 R B R D' B' U' F' U2",,
FWKKptQwP,42291,2020-10-08T06:40:00.348Z,3x3x3,"B' U2 D' L' U' F L' B' L' U2 F2 L2 F U2 B L2 F U2 B R2",,
bGJfoYg3j,37917,2020-10-08T06:45:09.184Z,3x3x3,"U' F U2 L' D L' U D B L D2 L2 U2 L2 B' R2 F2 D2 B2 D2 R2",,
hhxpsR5CO,44870,2020-10-08T06:50:19.035Z,3x3x3,"D' B2 D' B2 R2 D' U2 R2 D' B2 U R' B D F L U2 B D R2 D",,
8O8UPzWcg,42839,2020-10-09T03:35:17.128Z,3x3x3,"L' B2 L2 U F2 B2 D L F2 U2 R2 F' D2 F L2 B' L2 F2 R2",,
O3Q4_HGfr,48825,2020-10-09T03:37:28.109Z,3x3x3,"U' D2 R' B' D2 L' F2 U' R U' F2 D R2 D2 F2 D2 F2 U L2 F2",,
Qb4RhmZhw,37993,2020-10-09T03:39:38.494Z,3x3x3,"L' F2 L' D2 R D2 F2 R2 B2 R B U' L2 F2 U2 F U' R2 D B",,
xv-FL25-m,70923,2020-10-09T03:42:16.074Z,3x3x3,"R B2 L' F R B2 R' L2 B' L2 U' R2 D' F2 D' B2 R2 D' B2 U2",,
VZxJxJTYN,37973,2020-10-09T06:13:19.952Z,3x3x3,"F' R2 F' R2 D2 F2 U2 F' U2 B' U L' R B D L' R2 D' L2 B2",,
tYBJgvfPj,28505,2020-10-09T06:15:04.068Z,3x3x3,"L U F' D' L U' L' U D2 F B R2 U2 F2 R2 F' U2 B L2",,
DBhwBaaDx,28168,2020-10-09T06:43:49.530Z,3x3x3,"B2 U L2 R2 D B2 D U2 F2 U2 R2 B' F' D' R' B' F D B' U2",,
MspOztXdI,40599,2020-10-09T06:45:37.163Z,3x3x3,"F2 B' R D' F2 B' R2 L F' R' B2 R2 L2 D R2 D' R2 D L2 U2 B2",,
LNMWDbmfQ,33640,2020-10-09T06:47:13.624Z,3x3x3,"R' B' D' B2 D L' F' U B R' F2 D2 F' L2 D2 B' L2 F R2 F'",,
8qVuPHQ7M,30484,2020-10-09T06:48:22.996Z,3x3x3,"D2 F' L2 D2 R2 F2 D2 B' R2 D2 B' U' B2 L D2 L' R2 U' L' F' R'",,
AZMylPigd,40376,2020-10-09T06:49:53.628Z,3x3x3,"D2 L D' R' F2 D' B' U' L2 F' U2 F B2 D2 L2 D2 L2 F2",,
_a0q3h8Jj,39669,2020-10-09T06:51:03.560Z,3x3x3,"U R2 F2 D B2 L2 D' B2 D B2 U R' F' L2 D B2 L' B2 R U L2",,
VyH075ara,39168,2020-10-09T06:52:31.208Z,3x3x3,"F2 D F2 R2 D2 U' R2 U2 L2 B2 D R' F L2 B L' U' R' B' F U'",,
aOMJ4DI8y,35915,2020-10-09T06:53:58.679Z,3x3x3,"U2 L D2 B2 L R D2 F2 R F2 U2 B' L2 D R' D2 U B' L U R2",,
OgbSr9NR8,33697,2020-10-09T06:55:04.642Z,3x3x3,"U R2 D2 B2 D' B2 U' F2 U F2 L2 B L' F2 U2 B D2 F' R B'",,
fsTqYjprh,45680,2020-10-09T06:56:26.968Z,3x3x3,"L2 B2 R' U2 R2 F2 L D2 R B2 U2 B' D2 R D2 L2 U B2 L' B'",,
j7PIkINZU,50812,2020-10-09T06:58:04.551Z,3x3x3,"R' U2 R' D2 F2 R' B2 D2 R' F2 L U' F L' F2 U2 B R' U2 R",,
91IkxDBTJ,41039,2020-10-09T06:59:23.678Z,3x3x3,"U2 B D2 B' U2 R2 B' F L2 F' L' R' D' F D R' D' U2 B2",,
8__VJeLJX,50835,2020-10-09T07:01:21.863Z,3x3x3,"U' R2 D F2 U' B2 U B2 D L2 U' B F' D F' R' B L' R F' D",,
7tETGRg9h,35380,2020-10-09T07:02:38.075Z,3x3x3,"U F2 U F2 R2 U R2 U2 F2 L2 U' B R' F2 D' F U2 B2 U B L'",,
gv8IxV22W,39907,2020-10-09T08:05:16.605Z,3x3x3,"L2 U2 F' D2 B L2 D2 U2 B' R2 B D' F' L D2 B2 D' F2 L U2 F'",,
PjJfYlGDv,31499,2020-10-09T08:06:20.614Z,3x3x3,"L2 D2 L2 D B2 U' B2 U F2 D' L2 F' D B L2 F2 L U' F' L R",,
tV1haiBoc,33738,2020-10-09T08:07:41.969Z,3x3x3,"L B2 R2 D2 U2 R B2 D2 L U2 F2 U' F' D R' F L' U L B2",,
_fcep290Y,37265,2020-10-09T08:09:17.241Z,3x3x3,"L2 D' B2 L2 U' B2 L2 U B2 U2 L2 R' F D' L' F2 D' R' F' U L'",,
5XjxX2cyB,28782,2020-10-09T08:10:09.944Z,3x3x3,"B' D2 B' F2 D2 F L2 U2 L2 F' U2 L U' R' F' L U' F2 L U2 B'",,
1hSK4K7QY,31149,2020-10-09T09:16:38.240Z,3x3x3,"D' L' U F' U L2 F U2 F U2 R' B2 L B2 R2 F2 R' B2 D2 B2",,
NTnTUDdg4,37171,2020-10-09T09:18:04.464Z,3x3x3,"U F D2 F2 D' L2 B2 R F R' B2 D2 F2 R2 B U2 B U2 L2 F' U2",,
n1dTEifEl,34033,2020-10-09T09:19:28.175Z,3x3x3,"U L2 R2 U2 L2 D' F2 D' B2 D' L2 F R' U F' U2 R D B' F U",,
aaoSwe1gp,47315,2020-10-09T09:20:46.768Z,3x3x3,"U' F L2 B' D R2 L' D B D' F R2 F2 R2 F' R2 F' R2 B2 D2 B'",,
ZtbPo5fb_,33879,2020-10-09T09:21:52.602Z,3x3x3,"B2 D2 B2 D2 L2 B R2 U2 B' U2 R B' U' R' B2 D F U2 B' D",,
ywVEJYzMW,33457,2020-10-09T09:23:10.617Z,3x3x3,"B' R' U R' B U2 B U' L U' F2 U L2 U' B2 U R2 F2 D2 F2",,
yFocrWa2F,26215,2020-10-09T09:24:07.450Z,3x3x3,"R2 F2 D2 R2 D U2 B2 F2 R2 B2 U2 B L' D' L2 F R F U2 L2 D'",,
nx5U9Pv_S,42015,2020-10-09T09:25:13.407Z,3x3x3,"F2 R2 D2 F2 L2 F2 L' D2 R F2 R' U L D' U2 L B D U R F",,
jkivXAHe-,51997,2020-10-09T09:26:35.755Z,3x3x3,"D' U2 L2 U R2 B2 U2 R2 D2 R2 U' F' U' L' U F2 L B D' L2 F2",,
AH2AL2I12,34162,2020-10-09T09:27:35.185Z,3x3x3,"D R2 D B2 L2 D2 R2 D L2 D U' B' R U' F U2 R2 D' R U' L2",,
q5ZeYSOd0,35883,2020-10-09T09:28:53.127Z,3x3x3,"B2 U2 F2 L2 D F2 U R2 D2 R2 B2 R F' D2 B U' B U2 L2 R2 B'",,
JUORbiE2R,31289,2020-10-09T09:30:01.082Z,3x3x3,"R2 F2 L' F2 R' B2 L' F2 R F2 D' F D U2 L' R2 U2 B' D U",,
N4ofyxP-3,28168,2020-10-09T09:30:55.852Z,3x3x3,"U' F2 R2 B2 U2 L2 F2 U B2 F' L' R B' U L2 D' F' D2 B",,
wrunj6imX,39298,2020-10-09T09:32:01.252Z,3x3x3,"B R2 D2 L2 R2 U2 B D2 B2 R2 U' L' B' D F2 L F' U L R'",,
dyvWDp-c_,42702,2020-10-09T09:33:11.566Z,3x3x3,"U' R2 B2 D' B2 D' B2 R2 U' B2 D F' R D' R2 B' F U F2 L2 B'",,
AFl-Xf2UE,38781,2020-10-09T09:34:15.563Z,3x3x3,"F' U F D' F2 B' U L' D R2 B2 R' L2 D2 L' B2 L' D2",,
Iqo_wvBx-,47154,2020-10-09T09:35:30.796Z,3x3x3,"U2 L2 D' B2 F2 D L2 B2 D' U' R2 F' U2 L U F L' B' D' L F",,
LHqvsUyiI,41273,2020-10-09T09:36:54.857Z,3x3x3,"L2 D2 R' B2 R' U' R D' B' R2 U F2 R2 U2 F2 U' R2 F2 L2 B2",,
LkH4r5pPA,37864,2020-10-09T09:38:13.417Z,3x3x3,"B' R2 B' L2 R2 D2 U2 F' D2 R2 F2 L D' R' F' R' B2 F2 D2 B' U'",,
jYsb4W2bG,34167,2020-10-09T09:39:27.869Z,3x3x3,"U2 R' D F U B' L B' R2 D2 F2 U' L2 B2 U B2 U F2",,
CsoMQc6sb,35331,2020-10-09T09:40:36.049Z,3x3x3,"F' L F2 D B D F2 B U' B D2 F L2 D2 F2 U2 F R2 B' U2",,
y3vjA49VP,53176,2020-10-09T09:43:21.858Z,3x3x3,"B' L2 D2 U2 R2 F' U2 F' R2 B F2 L U F U2 R' B L' U' L F'",,
8psSOwB14,38178,2020-10-09T09:44:28.807Z,3x3x3,"D2 B2 D2 U' B2 U' F2 L2 F2 R2 F' R' B L B2 F' R D' L2 F",,
i3-XOmdnO,37890,2020-10-09T09:45:34.851Z,3x3x3,"F' B U R2 L2 B R2 L' B' U' R2 U2 L2 B2 D' R2 U' F2 U2 R2",,
ag4dQcCcW,47239,2020-10-09T09:54:33.198Z,3x3x3,"R' U F' U2 R' D' B' R' L F U2 L F2 U2 F2 U2 L D2 L2 F2 U2",,
JO0qIvmET,35930,2020-10-09T09:55:45.460Z,3x3x3,"F2 U2 B2 L U2 B2 L' B2 F2 R' F2 D R B2 L2 B' L B2 D R2 F'",,
hPIwQmVLA,70182,2020-10-09T09:57:48.518Z,3x3x3,"R2 B2 L2 D2 R2 B L2 D2 B2 D2 U' B F U' R' D F' L' U B2 U2",,
8PoT7nSiR,30173,2020-10-09T09:59:00.834Z,3x3x3,"B2 L' U2 F2 L U2 F2 L2 R B2 R U F2 L2 B' D2 U R D U2 F",,
X4ar2XPzo,35736,2020-10-09T10:00:15.749Z,3x3x3,"B2 U' R D B' L' F2 U R' L B2 L2 U2 F D2 B' L2 F D2 L2 F2",,
5pw4pyH4A,33318,2020-10-09T10:01:25.217Z,3x3x3,"U B U2 L F L2 U F2 U B2 L' B2 L F2 L' F2 U2 D2 L2",,
X0pMMEYbm,58045,2020-10-09T10:03:14.064Z,3x3x3,"D2 F2 U2 D' F' D L' B R F2 R2 L2 F2 D R2 D R2 F2 B2 R2",,
IiaFFat4e,35003,2020-10-09T10:04:30.144Z,3x3x3,"F D' R' U' L2 F D R U2 L D2 F U2 F R2 D2 R2 L2 F' R2 B",,
zxGBwk7nO,30829,2020-10-09T10:05:46.905Z,3x3x3,"L' D R F B2 D R' U F L' F2 B2 U' D2 R2 L2 B2 D R2 D2 R2",,
AlGolVGDx,41167,2020-10-09T10:06:53.777Z,3x3x3,"D2 B2 R2 B2 D F2 D U2 B2 U' B' D2 F' D' U' B R' F2 L' F R2",,
cI5YIDnmh,29343,2020-10-09T10:07:58.045Z,3x3x3,"L2 F2 U R2 U F2 D U2 B2 D F2 R F R' U L' D R D2 F' R2",,
CxrUAkgWs,38716,2020-10-09T10:09:21.435Z,3x3x3,"B2 U' F2 L2 D' R2 F2 L2 F2 D2 B U2 R B2 D' R D' U R2 B U2",,
IXr8XI5zB,33207,2020-10-09T10:10:49.745Z,3x3x3,"B' U D F R U B D R' B2 U' L2 U2 B2 L2 D' R2 U' R2 L2",,
_EVGOK7D4,37633,2020-10-09T10:12:02.109Z,3x3x3,"F2 L U L F' L' B2 R B' U' R2 D' F2 D' L2 U2 L2 B2 D' L2",,
vLdwg4YA3,43436,2020-10-09T10:13:37.021Z,3x3x3,"D2 F2 R' B2 L2 B2 F2 L' B2 F2 R2 D B R2 F' L' R B' R F R",,
URVYW_TeJ,35368,2020-10-09T10:15:32.524Z,3x3x3,"B L2 F L2 F U2 B2 L2 F' U2 B D' F2 D F' L' B' F D L' U",,
yXZJ9zhu1,27157,2020-10-09T10:16:37.807Z,3x3x3,"R2 U2 F L2 R2 B D2 F' R2 B' L2 U' B' D L F' D' U2 F2 U2",,
OdFKGF0uj,33657,2020-10-09T10:17:34.441Z,3x3x3,"R' D2 B2 R D2 L2 R' F2 R' D2 R B R U' B2 R U B D' U R",,
6PIp2uaod,47166,2020-10-09T10:21:04.545Z,3x3x3,"U L' D2 F L2 F R2 F2 D R2 U2 F R2 B U2 D2 B2 L2 F D2",,
9l3EKumjN,29159,2020-10-09T10:22:00.800Z,3x3x3,"R2 D2 B' R' F2 U F' B' D2 R' D' R2 D2 F2 R2 D' R2 D' B2 L2 D2",,
tmszAyDTM,34316,2020-10-09T10:23:10.160Z,3x3x3,"D L2 R2 D F2 U' B2 D F2 D2 B' L' D' R' D' L D B' L' F",,
3v-8adLnu,43504,2020-10-09T10:24:29.542Z,3x3x3,"L2 B' L2 F' L2 D2 R2 B2 D2 B R2 U' B2 L B' R' D' L2 R' U B2",,
K42zfbIfD,39819,2020-10-09T10:25:37.950Z,3x3x3,"U F2 D' F2 U2 B2 F2 U R2 D2 F2 R' B R B' R' F2 R' B R2",,
QV_G7QpSN,38457,2020-10-09T10:26:49.191Z,3x3x3,"U2 B2 D F2 D R2 D' L2 U' B2 D2 R B F U B2 R2 B' U2 L R2",,
eb8yrKIQL,32320,2020-10-09T10:27:52.046Z,3x3x3,"U2 L U2 F2 U2 R' B2 R D2 U2 R2 D F L2 U' R' F R' F' D2 F2",,
59FVwMpM3,44041,2020-10-09T10:29:16.386Z,3x3x3,"L2 B' U2 F2 U2 R2 B L2 B' D2 B' D B2 F' R' F U2 L F D2 F",,
T4DISeuM6,53488,2020-10-09T10:30:50.716Z,3x3x3,"U' R2 F2 L2 U R2 D' U' L2 F2 U2 B D B U' R' D2 F' D F",,
Iw822BW-B,46020,2020-10-09T10:35:45.241Z,3x3x3,"U' R B R' U2 R D2 F' U D R2 F2 L U2 L' F2 D2 B2 U2 B2 R2",,
V6OVWN_Bl,39971,2020-10-09T10:37:01.165Z,3x3x3,"D B2 D' F2 L2 B2 L2 D2 B2 U' B2 R' D F2 R B' F2 D F' D' F2",,
jak9EkWz_,29160,2020-10-09T10:38:01.288Z,3x3x3,"B U2 B' F2 L2 F U2 R2 U2 F' D2 U L B' F U F2 D2 L R' D",,
aBWtIy4GE,39353,2020-10-09T10:39:21.079Z,3x3x3,"F' D2 U2 B' F2 L2 B U2 B' R2 D2 L R' F R' D2 L' R D' B2 U",,
VDzkBqmiM,34595,2020-10-09T10:40:52.823Z,3x3x3,"L2 F2 R2 D' R2 U' R2 D2 F2 D' L2 F R D2 R2 F2 R B' F2 D",,
OldBzlj7l,37152,2020-10-09T10:41:55.156Z,3x3x3,"D2 L2 R2 U B2 R2 D2 U B2 U R' F2 D' F L R' B' R2 B2 U2",,
TwEAyMJyt,35685,2020-10-09T10:42:57.625Z,3x3x3,"D2 L' F2 L2 D2 R F2 D2 R2 U2 B2 F' D' F U B' R F2 U' R2 B'",,
65jsyYZAk,30375,2020-10-09T10:43:54.900Z,3x3x3,"L2 U2 L2 F' D2 F R2 B' D2 B' D2 R D' B D' U L' U2 F2 U'",,
WEzb3YxGk,51334,2020-10-09T10:46:12.933Z,3x3x3,"L2 D' B2 D' B2 L2 D2 B2 U R2 U2 L' F' L U' R B D B' U2 F2",,
CGE_9Bc9Y,43630,2020-10-09T10:47:58.151Z,3x3x3,"D2 U2 F D2 U2 L2 B2 F L2 B D2 L B L2 R B U' B' U B U'",,
px5T7FOZ3,28198,2020-10-09T10:52:46.587Z,3x3x3,"R2 B2 R B' R' U F' R' U B' R2 L U2 F2 U2 D2 L2 D2 L' B2 R",,
fgRjTn63P,28406,2020-10-09T10:53:54.661Z,3x3x3,"F2 D' L2 F2 D2 B2 U' F2 U' B2 U' F' U2 R2 B' U F' U2 R' F L",,
99xyDy67e,41266,2020-10-09T10:55:05.664Z,3x3x3,"U2 R2 F' U2 F' L2 F2 L2 D2 L2 R2 U L2 R' F U2 B D2 U B2 F2",,
eErZdtpDl,39621,2020-10-09T10:56:40.924Z,3x3x3,"F2 U2 F2 D2 F2 U' R2 F2 R2 B D' R' F' L D' R2 U R' B' F2",,
CT5RjgcIt,33186,2020-10-09T10:57:39.668Z,3x3x3,"D L2 U F2 U R2 F2 R2 F2 U' L' U L D' F' U L' U2 R'",,
uGVm1BBpz,43770,2020-10-09T10:58:51.112Z,3x3x3,"F2 R2 U2 B2 F2 L2 D' F2 R2 D F2 R' B F' L' R U B F L'",,
kUt2f0-W8,26291,2020-10-09T11:01:03.750Z,3x3x3,"L2 U2 L2 U' L2 U R2 D2 U' L2 U' B U L B U F2 D2 L' R B",,
9pD1YP9Vy,26928,2020-10-09T11:02:16.722Z,3x3x3,"B' L2 D2 L2 F L2 F' R2 U2 F2 R2 U' L D2 B2 L' D' F D' R' U'",,
S-Z6_ZGsw,20146,2020-10-09T11:03:06.503Z,3x3x3,"D L' D2 F U' D2 B D' B R L D2 B2 R2 B2 R' U2 F2 U2",,
ZfLlTbmGJ,32692,2020-10-09T11:05:28.762Z,3x3x3,"B2 D2 L2 D2 L2 F' L2 D2 B2 F2 L' D L' U F D2 L R F L'",,
REygA1b2n,36444,2020-10-09T11:06:44.127Z,3x3x3,"B2 D2 U2 L' D2 L' F2 L2 B2 F2 R2 B' L' U R2 B' R' F' D' U",,
oMlQ5l0u5,36290,2020-10-09T11:08:03.370Z,3x3x3,"D2 L2 F2 D L2 B2 D U' R2 U' B2 F' L' D B' R' U' B2 L U2 B2",,
7TqBQ2Ai5,32958,2020-10-10T04:28:00.371Z,3x3x3,"F2 L2 F2 D R2 D' U' B2 D' U' R2 B' R F D' L' F' D R2 B' L",,
1okExPUrZ,28513,2020-10-10T04:29:01.932Z,3x3x3,"L2 B D2 B R2 U2 F' R2 F' D2 F R' U L2 B2 R U' F R U2",,
Nsr3tbLmT,32540,2020-10-10T04:30:01.354Z,3x3x3,"R2 B2 L2 F2 U F2 D' L2 U2 F2 R2 B L U L2 U2 B' L2 U F' L",,
nmpU5UUmr,21396,2020-10-10T04:30:54.251Z,3x3x3,"F' L2 U2 F' L2 D2 F' L2 F U2 F U L B2 F' L' U2 F' D R' F'",,
4WwR0BNbx,32488,2020-10-10T04:32:06.031Z,3x3x3,"U2 F U2 B2 U2 B' D2 U2 L2 U2 R' B R2 F R2 F2 D L' D R2 U",,
dtEoVjeAG,27292,2020-10-10T04:33:05.202Z,3x3x3,"R2 U' F' R U2 L D2 B U2 F' D R2 U' R2 D2 R2 U' L2 B2 L2 B2",,
zDao0RzWH,26906,2020-10-10T04:34:07.277Z,3x3x3,"B' U2 F' U2 F R2 D2 B D2 B' D2 L D' B2 U2 B2 F' D' R U R'",,
l4VaMFghL,31723,2020-10-10T04:35:05.319Z,3x3x3,"U R2 F2 D U2 R2 F2 R2 B2 D' L2 R D2 F' R' U' F2 D' U",,
VCDAPkBTr,44378,2020-10-10T04:36:30.431Z,3x3x3,"B2 L2 B' L2 B' U2 B' U2 F D2 F L' D' R U2 B' L2 F' R2 D' L",,
M9G65hFro,33393,2020-10-10T04:37:44.465Z,3x3x3,"D' B U F L2 B' R2 B2 L' B' R2 U' L2 U' F2 D' F2 B2 R2 U2 F2",,
1FQHkzMON,41976,2020-10-10T04:39:27.689Z,3x3x3,"R2 F2 D2 L2 R2 F L2 D2 F R2 B2 D L' U2 R2 D' B U' F' U'",,
mVmpKTumk,26155,2020-10-10T04:40:25.478Z,3x3x3,"U2 L2 R2 B' U2 R2 F' L2 F' R2 F' U' L B L R F' R2 D' L F2",,
mORLvIHTS,30998,2020-10-10T04:41:24.732Z,3x3x3,"U2 B2 D' L' U L2 U2 B U' R U2 F2 R L' F2 L U2 D2 R2 U2",,
RwMopU_Cu,28575,2020-10-10T04:42:24.021Z,3x3x3,"F2 D' R2 D L2 D' F2 U L2 R2 D R' B L' R' F D2 U F' U' F2",,
IStFzCYiG,37873,2020-10-10T04:44:20.290Z,3x3x3,"F2 U2 B2 D2 U' R2 B2 U F2 D' F2 L D L' B U2 F2 L' F2 D F'",,
FVWxVPeyP,25414,2020-10-10T04:45:20.060Z,3x3x3,"L2 F' U2 R2 D2 F2 R2 F D2 B2 F R' F R F L' B' R' D B F2",,
3JiewEW5k,31319,2020-10-10T04:46:26.727Z,3x3x3,"R2 F2 R2 U F2 D2 B2 U' L2 B2 U2 F' D' L' U F R F' L' R U'",,
m2kRSFomB,33501,2020-10-10T06:59:02.623Z,3x3x3,"F2 U R2 U B2 F2 L2 U2 B2 U' L2 B F2 R2 F' L B D2 B' U' R2",,
otw29pJw_,39836,2020-10-10T07:00:42.122Z,3x3x3,"U' D' L2 F' L B D' F2 D2 R D' F2 R2 U' R2 D' R2 L2 D' F2 R2",,
CNoWm_DP3,30814,2020-10-10T07:01:43.610Z,3x3x3,"D2 F' L2 B' D2 B' R2 D2 B2 R2 B' U F2 R B' F R2 D' B2 L2 B",,
o9tXJLvVU,28169,2020-10-10T07:02:52.217Z,3x3x3,"U2 F2 D R2 D R2 B2 U2 L2 R2 B L' D R' D L' F' U2 R U R2",,
eRQtKt_9J,30166,2020-10-10T07:04:09.578Z,3x3x3,"F2 L2 U2 R' B2 U2 L' U2 L D2 L B F' R B' F2 U' F2 L' B' R2",,
75SDCdNjx,29024,2020-10-10T07:05:50.372Z,3x3x3,"B2 D L2 U F2 R2 U2 F2 D' B2 D' R B2 D' L F' D' B R2 D' U'",,
r_rq4rQFE,31321,2020-10-10T07:06:56.194Z,3x3x3,"D L2 D' R2 U F2 U' B2 F2 D2 B2 F L2 U' L F D B U F' U'",,
2TClngiiU,43635,2020-10-10T07:08:38.942Z,3x3x3,"F U2 B U2 L2 U2 B2 U2 F' D2 U2 L' F D2 R2 D R' U2 F U",,
hrRRf-vIi,36534,2020-10-10T07:09:52.351Z,3x3x3,"D2 F2 R2 D2 U2 R2 B' L2 B' U2 F2 R B' R' D' U' F R2 U R'",,
aAoV78tke,35290,2020-10-10T07:12:21.749Z,3x3x3,"R U B R' D2 R2 U' B' L' B U2 D2 B' U2 F B2 R2 D2 F2",,
Kp7_gecwo,36650,2020-10-10T07:13:34.667Z,3x3x3,"U2 L2 D B2 R2 U B2 L2 B2 U L2 F' R' D2 B U2 L' R' F' L2 D2",,
KpVs5RtAh,36568,2020-10-10T07:15:12.343Z,3x3x3,"B' D2 F2 R2 D2 U2 F' U2 R2 U2 F' L B' D' B2 D2 R D B L2 U",,
9nIQG0rv3,32163,2020-10-10T07:16:15.299Z,3x3x3,"B2 F2 U' B2 U' F2 U2 F2 U' L2 D' L F2 L F2 D' R' F R U",,
57oNxiTJV,41193,2020-10-10T07:17:44.416Z,3x3x3,"L' F2 L F2 R' B2 R2 B2 U2 B2 R U L' R2 U' R D R2 F'",,
R1xX8XhSX,44041,2020-10-10T07:19:13.308Z,3x3x3,"R2 F2 R2 L2 F' D B R U2 L2 U B2 L2 U' R2 D' B2 D2 F2",,
-zTtaQkMF,32715,2020-10-10T07:20:23.401Z,3x3x3,"R2 D' B2 D' R2 B2 U' R2 U R2 D B D2 L F2 L2 D' U2 R F D2",,
if7_qjPgW,28931,2020-10-10T07:21:31.478Z,3x3x3,"D2 R F2 D2 R U2 R B2 L' F2 L F L2 U2 F' U' R' D' B' F2 D'",,
0TAvjjmmG,29553,2020-10-10T07:22:38.429Z,3x3x3,"L2 R2 D R2 D L2 D' F2 U L2 U' B U R2 F' D2 F' L U' B' F'",,
bjQQqTIOg,42253,2020-10-10T07:23:52.938Z,3x3x3,"L2 B2 F2 U' R2 F2 D L2 D2 L2 U' L D' R2 U' R' F' L B2 R' F2",,
9Sj7wYmRT,32846,2020-10-10T07:25:03.716Z,3x3x3,"L' U2 L' D2 R' B2 R B2 R2 B2 L2 B' L D2 U B R' D U' B' D",,
owSfFWT1W,24747,2020-10-10T07:25:59.032Z,3x3x3,"F2 L2 F D2 F2 U2 R2 B' L2 R2 F2 U L' R2 B U' B' R B D2 U2",,
JFxQWNiwf,35237,2020-10-10T07:27:08.030Z,3x3x3,"D B2 U' R2 D L2 D2 F2 L2 R2 U' L' F' R F2 L' B F' D' B U'",,
EL7kCdDyh,41955,2020-10-11T01:50:58.711Z,3x3x3,"F2 L F2 U' L' B2 L' B2 D B R2 L' U2 B2 D2 B2 L' D2 R U2 F2",,
KIC-9vp0L,32138,2020-10-11T01:52:14.459Z,3x3x3,"D2 F' D2 U2 F' L2 B' U2 B2 U2 R2 U F L2 D2 F U' L' F L'",,
3Aj1egn0r,35934,2020-10-11T01:53:56.273Z,3x3x3,"F2 D2 U2 L' B2 D2 U2 L' B2 U2 L2 B' U' B2 D' F2 R' B F' L' R",,
C9cGrugMg,40422,2020-10-11T01:55:32.345Z,3x3x3,"F' U2 R2 B2 U2 L2 F R2 D2 U2 F' D' F' R B U' B' U F R' D2",,
1zj4hJ0gw,31912,2020-10-11T01:56:44.636Z,3x3x3,"U' F B' U2 R B U B D F R2 L2 D2 B R2 U2 F2 U2 F U2",,
a1iUq0nsT,37308,2020-10-11T02:17:21.101Z,3x3x3,"R2 B2 F2 D2 F2 D L2 U2 B2 D B2 R U B' U2 R2 U2 R U2 F U'",,
l1pTiz_ZM,32527,2020-10-11T02:18:29.928Z,3x3x3,"B' R2 F' U2 L2 F2 U2 F' D2 F D2 U L2 B U2 L B2 U2 F D'",,
hq1Z0-ZC2,43169,2020-10-11T02:20:45.792Z,3x3x3,"D R2 D B2 L2 U' B2 L2 R2 U' R2 F L R U' L B' U2 L' B2 F",,
0KRJ-RIqF,26857,2020-10-11T02:24:45.826Z,3x3x3,"R2 F L2 D2 B U2 B R2 D2 U2 L' D' F U B L R D2 L' F",,
86eRBbkJT,37195,2020-10-11T02:26:06.500Z,3x3x3,"F2 L' R' D2 U2 R' D2 F2 U2 F2 L' D L' D F L' D U' F U' R",,
OHESgOujG,30735,2020-10-11T02:27:03.806Z,3x3x3,"D B2 D' L2 U L2 F2 L2 U2 F2 U L B U B2 R' D2 L2 D2 F2 U'",,
31BSQk6PO,34860,2020-10-11T02:28:30.455Z,3x3x3,"R' D2 L R' F2 D2 L' U2 B2 R B2 U' F2 U2 B' R D' L' D2 U2",,
Z8V2PWUBn,43429,2020-10-11T02:29:53.344Z,3x3x3,"F2 U' R2 D L2 D' B2 F2 L2 R' U2 F D' B2 D B' D L F2 L2",,
gR6w0hBrh,29152,2020-10-11T02:30:52.531Z,3x3x3,"R2 B2 U2 B2 U B2 U2 B2 D' R2 D2 R' D' L' D B' R U2 L R2 U'",,
6Vd9sGmyT,44436,2020-10-11T02:41:08.029Z,3x3x3,"F' R2 B' D2 F' L2 F2 R2 F R2 F' D B2 R F' L B U2 L' U' F'",,
nFbnqGu_c,31139,2020-10-11T02:42:12.562Z,3x3x3,"F' R2 F2 L2 F' R2 D2 B U2 F R2 D B U2 B2 U2 L' R' D B2 D2",,
EQxAalJg2,38260,2020-10-11T02:43:35.772Z,3x3x3,"R2 F2 D R2 U' L2 D' F2 R2 U' F' D2 U' L' D' F L' F2 L' D2 F'",,
TNk7pLTug,34150,2020-10-11T02:45:03.827Z,3x3x3,"F2 D' F2 R2 U2 B2 L2 F2 U2 F2 D L' D2 U B' D' U2 B U B2 U",,
G1ESOskU2,39456,2020-10-11T02:46:26.276Z,3x3x3,"D' F L2 U B' R B' D F R2 B2 R2 U2 D' B2",,
jmp77a5RS,38235,2020-10-11T02:47:39.900Z,3x3x3,"R2 B2 U2 R2 B2 D' L2 B2 U F2 U' F' D' B2 F R2 B R U' R",,
hM7_FAJ9v,34940,2020-10-11T02:48:58.129Z,3x3x3,"D B2 U2 L2 U' R2 D R2 U R2 U2 F' L D2 R2 B R F U' B2 R",,
Df8olIUJM,31215,2020-10-11T02:50:05.093Z,3x3x3,"U2 B2 L D2 F2 L F2 L' U2 L2 B U2 L' D' U2 B R B' U2",,
pZdWFmMOd,32248,2020-10-11T02:51:23.820Z,3x3x3,"R D F L' D' R D2 F D' B D2 F2 U2 L2 U2 F U2 L2 U2 F2",,
RdP4dlf_2,34713,2020-10-11T02:53:03.795Z,3x3x3,"L U2 F B' L' F2 D L' U D2 F2 R' B2 L' F2 R' F2 R U2",,
05SY5w3-e,32147,2020-10-11T02:54:06.905Z,3x3x3,"F U2 B2 L2 U2 B U2 B L2 F L2 U' F R2 F2 L D' B R F' L'",,
q15-Sheei,36706,2020-10-11T02:55:17.820Z,3x3x3,"D2 R2 D2 U2 R F2 U2 R D2 L2 F R' B L2 D' L D' F' U L",,
mFJ1wFjiR,38279,2020-10-11T02:56:29.160Z,3x3x3,"B2 R' B2 R B2 L D2 B2 R2 B2 L2 U B' L U R2 B2 F R' B2 D",,
1MC65_jWh,43871,2020-10-11T02:58:09.429Z,3x3x3,"F2 L2 U' F2 U' B2 U2 F2 D' U2 L2 F' D2 F2 R2 U' R B' L D L'",,
Yx02LaPIH,37361,2020-10-11T03:00:15.819Z,3x3x3,"L2 B2 D2 L2 U2 R2 F2 R' B2 F2 D2 F R2 D B' U' B' L B U2 R2",,
Xye_MIbCW,34285,2020-10-11T04:07:12.484Z,3x3x3,"B D2 F2 L2 U2 F' R2 F' D2 U2 B U R' U2 B' D L' B2 D' F R'",,
GKQcNrwml,34929,2020-10-11T04:08:37.506Z,3x3x3,"U' L2 U L2 D B2 D2 B2 F2 L2 U' R' D' U B' R' U2 L2 D' R",,
METbqDWYj,33334,2020-10-11T04:09:40.025Z,3x3x3,"B2 F2 R2 D2 R2 D' U2 L2 D F2 R2 F' L B' U B L2 D F2 D2 U",,
u4oMu_ZrC,26983,2020-10-11T04:10:46.388Z,3x3x3,"U2 F2 L2 B2 L' D2 U2 F2 L' D2 L' F' U' B' F U L B2 L2 D",,
K0eLkq9AY,35941,2020-10-11T04:12:27.949Z,3x3x3,"D L2 U B2 D B2 F2 L2 D B2 D2 R U2 L B' D' B' U B' R2 U2",,
F9fBOD57W,30150,2020-10-11T04:13:51.063Z,3x3x3,"L2 B2 F2 D' B2 D2 F2 L2 U L2 U' R B2 F U R D L' F L B",,
PKTzM2V2b,29405,2020-10-11T04:15:12.404Z,3x3x3,"U2 L D2 B2 L' F2 U2 F2 R D2 L2 B' L' U F2 R D2 L' D2 U' R'",,
XNnv3dCAa,32370,2020-10-11T04:18:02.054Z,3x3x3,"B U2 F L2 F2 U2 B' U2 R2 F2 R' F D2 L D' U' L R2 F' D",,
l0dgPTElI,38270,2020-10-11T04:21:36.473Z,3x3x3,"R2 F' R U2 R2 U F R' L' U' R2 U2 B L2 F2 R2 F' D2 L2 F",,
n5n2FAmZ6,32180,2020-10-11T04:22:57.281Z,3x3x3,"L2 U' B2 R2 D F2 L2 U2 F2 L2 B U' F R' B' L D B2 D' R'",,
mCA9R3cBu,27148,2020-10-11T04:23:50.745Z,3x3x3,"F2 U' F2 U B2 D' U2 L2 U F2 L2 B' L2 F2 R' B' D2 L F2 R F",,
Hw5NQivS9,38979,2020-10-11T04:25:33.155Z,3x3x3,"L2 U2 L2 F2 U' F2 R2 F2 L2 D L2 F D L2 D L' D L2 F2 U",,
Xn4EAfzyZ,29850,2020-10-11T04:27:07.576Z,3x3x3,"R2 D2 U2 F R2 B D2 R2 B2 D2 B' L' F2 D B2 D' F' L R' U' F'",,
vhnLwixj-,28328,2020-10-11T04:28:59.129Z,3x3x3,"D' L2 F2 L2 D' F2 U2 F2 U R2 U L' B' D U2 R' F2 D' F U R'",,
GZSKLWJow,41959,2020-10-11T04:31:01.824Z,3x3x3,"D2 L2 D2 F L2 U2 F R2 U2 F' L' D' F D R D2 L' B2 D U2",,
fbbHjpaVA,44459,2020-10-11T04:33:10.353Z,3x3x3,"F' R2 U2 B D2 B' L2 B U2 B2 R F' U2 B R B' F' U' R2 U'",,
szxkiNb8D,34521,2020-10-11T04:34:17.779Z,3x3x3,"D2 U2 B2 U2 B' L2 R2 F' L2 D2 B U B' U L' U' F' R U' F2",,
wd3fKX4xy,30402,2020-10-11T04:36:16.935Z,3x3x3,"D' L2 D R2 F2 D2 B2 U L2 R2 U' F' L' B R2 D B L F2 U' R'",,
m_AMtGNqZ,31984,2020-10-11T04:37:22.025Z,3x3x3,"D B' R U R' U2 R B2 U' R B2 R2 B2 L' B2 U2 L B2 R2 U2",,
JyfB-Qy16,31152,2020-10-11T04:38:36.880Z,3x3x3,"U' R2 F' D L F' B' R' U L U2 F R2 U2 F2 U2 B R2 F D2 F'",,
xhx-Jcpt-,36219,2020-10-11T04:40:36.999Z,3x3x3,"F2 R2 F' D2 B F' L2 F R2 D2 L' D2 F R2 U' B' D' F' D2 L F",,
nCNPqG2Ar,33345,2020-10-11T04:41:50.609Z,3x3x3,"B' R2 F U2 B2 U' D B R' U F2 D2 R F2 R L2 B2 D2 L' F2 R",,
RKui_7vcQ,47924,2020-10-11T04:43:20.350Z,3x3x3,"B2 U' R F R F2 L B' R2 U F U2 B U2 F2 L2 D2 B U2 F'",,
2J2omuOSk,32786,2020-10-11T04:45:05.405Z,3x3x3,"B2 U2 L2 B2 L B2 R' D2 B2 D2 R2 B D2 F' U R' D' F L F2 D",,
BlI8tIfm2,40161,2020-10-11T04:46:48.011Z,3x3x3,"F2 D L2 B2 F2 U' R2 U F2 D F2 R' U2 L2 U R2 U' B2 F D F2",,
_hy_2Y_r5,45476,2020-10-11T04:58:56.145Z,3x3x3,"U' D F D' F' D L' D2 F D R2 F2 U2 L2 B2 D' R2 D L2 U'",,
uuLCnumPe,33540,2020-10-11T05:00:10.586Z,3x3x3,"B2 F2 D2 R' U2 L' U2 B2 F2 L2 R2 B' U' B2 L' R' B2 R' B' D U'",,
bIx3JbegT,38342,2020-10-11T05:02:53.422Z,3x3x3,"R2 F2 L2 D R2 D F2 L2 D2 F2 L2 F' D' L F D L2 R2 D' U' R",,
DUeh-1voU,48760,2020-10-11T05:04:13.192Z,3x3x3,"R2 B2 R2 B2 U2 R2 U' L2 U' R2 U2 L U2 F R2 D' L R' D' R2 U'",,
lFRPmUpFN,28483,2020-10-11T05:05:51.817Z,3x3x3,"D2 U2 F U2 F' D2 B' D2 U2 L2 F' D' U' F' L' U2 L R' F' R",,
9KLXoqrV1,37566,2020-10-11T05:07:05.704Z,3x3x3,"U' R' D2 R2 B2 R2 U F' U' F2 R' D2 L F2 L U2 L U2 F2 B2",,
gxE_v2d4W,31222,2020-10-11T05:08:28.516Z,3x3x3,"L2 B2 L2 U B2 R2 F2 U2 L2 D' B2 L' U B' L F D2 F2 R' U2",,
PXVhkqBOs,27025,2020-10-11T05:09:54.524Z,3x3x3,"F2 R U2 B2 R U2 B2 U2 L2 D2 L2 B' L' U' F2 U' F' L' B2 D U2",,
nt7i8VIFU,30247,2020-10-11T05:10:53.583Z,3x3x3,"L U2 L' F2 D2 B2 R2 F2 U2 B2 F' D' L U2 F L F2 L'",,
Ut5wASFpy,34432,2020-10-11T05:12:04.561Z,3x3x3,"B2 U2 R2 B2 R2 D B2 U F2 L2 R' B' F2 L B' D' L' D2 B' F'",,
Lz0ow7M_J,30470,2020-10-11T05:13:07.915Z,3x3x3,"R2 D' B2 U' B2 F2 D' U2 L2 U B L B F L B' L U2 R' U R2",,
PrCjgc2Ug,33623,2020-10-11T05:14:48.718Z,3x3x3,"R2 F2 L' F2 L F2 R F2 D2 U2 L B U' B' R F2 L R B U L2",,
K-YYv3F4b,37171,2020-10-11T05:16:13.418Z,3x3x3,"L' D' F2 D' L2 U2 R' B' D' L' U2 R' F2 U2 D2 R' B2 R' D2 B2",,
dntPYebr_,44389,2020-10-11T05:17:30.439Z,3x3x3,"F2 U2 B2 U2 R2 F L2 F2 U2 L2 U2 L D2 U R' U2 R2 B2",,
3UGEia8ZD,36684,2020-10-11T05:18:40.913Z,3x3x3,"L2 B2 U' B2 F2 D F2 D' R2 F2 L B2 R B' F2 L2 F L2 D' B D2",,
ieJmBZlPI,27319,2020-10-11T05:19:38.527Z,3x3x3,"B2 L' B2 D2 R2 U2 L' F2 L U2 F2 U F2 R' D' B L D F R' B2",,
DeBB8vNDI,32744,2020-10-11T05:20:48.498Z,3x3x3,"F R2 U2 B2 R2 F U2 B' D2 F2 D2 U' B' D2 B2 F2 L B2 L' F'",,
lSjXWtQGb,33526,2020-10-11T05:22:03.138Z,3x3x3,"U2 B2 R2 B2 U' R2 U2 L2 D R2 D B' F' D F U L2 D L U' F",,
KsaCObg9Y,43023,2020-10-11T05:24:30.262Z,3x3x3,"R2 F2 U' L2 U F2 L2 D' U' R2 B2 L' R2 F L2 B R' D B D2 B",,
EM9CUrwX5,30255,2020-10-11T05:25:33.556Z,3x3x3,"B2 D' L2 U' L2 D' R2 D R2 U L2 F' D2 F' U F D L U2 F R'",,
fZ3tLqe0h,29006,2020-10-11T05:26:54.332Z,3x3x3,"L2 U L2 D' B2 U2 F2 L2 U L2 U2 L R' D' B L' B2 D2 F' U' R'",,
O7VhPwp4c,32436,2020-10-11T05:28:13.507Z,3x3x3,"R2 D' U' R2 U B2 F2 D' R2 F2 U2 F' U B' L' D2 U' L' D F2 D'",,
n-jsKhMMr,32153,2020-10-11T05:29:10.864Z,3x3x3,"U B2 D L2 D2 U' R2 D2 F2 L2 U' B R' F L2 B2 D F' L2 B' D",,
sIbANvRIt,41005,2020-10-11T05:30:19.845Z,3x3x3,"D B2 D B2 U2 R2 U F2 D2 R2 B2 R F' D' R' B' L U' F2 L' U'",,
zAGhhUhTd,43229,2020-10-11T05:32:14.221Z,3x3x3,"U2 B2 R2 D2 R2 D2 B2 F2 R' B2 R2 U R' B' L' D' B2 L2 D B2",,
OST7yqHE5,25856,2020-10-11T05:33:14.871Z,3x3x3,"B U2 F' R2 D2 L2 F D2 L2 B2 D2 L' F' U2 R U' F2 D L2 B' L'",,
1CszWI3Ya,28869,2020-10-11T05:34:20.613Z,3x3x3,"B2 U L2 D R2 F2 R2 D U2 L2 U' F' D' R2 D' F2 D' B2 R' F' R'",,
tFUAA2WTj,33972,2020-10-11T05:35:21.660Z,3x3x3,"D2 F2 D' F2 R U' F' U' L B D2 F2 R2 U B2 D R2 U' F2",,
nhNfuylab,35672,2020-10-11T05:36:53.251Z,3x3x3,"D2 B' D2 B' U2 B U2 F U2 F2 R' D R' U F' R2 F' L' R2 D B'",,
C6fdR3CSh,30943,2020-10-11T05:38:09.706Z,3x3x3,"U R' L' F B2 D F2 L' B U' L2 B D2 F U2 L2 F R2 L2 U2 F'",,
CA23ts0-d,34446,2020-10-11T05:39:18.868Z,3x3x3,"U' R2 F2 U' B2 L2 B2 F2 U L2 R2 B' L B' R2 U' B' U2 F D U",,
KFta77BiG,34625,2020-10-11T05:40:35.550Z,3x3x3,"F2 R B2 L' B2 L' D2 L F2 R D U2 L' B' R2 D L2 D B R",,
m7Du-UT8o,38354,2020-10-11T05:41:53.432Z,3x3x3,"F2 R2 L2 F R2 B U D' B' U2 R U2 B2 R' F2 B2 R2 U2 R2 L'",,
a4siSwKXb,51492,2020-10-11T05:43:23.367Z,3x3x3,"U' B2 L2 D B2 R2 U2 F2 D2 F2 D F' L U' F2 R D F' L' R",,
1Pr0hKEBv,32407,2020-10-11T05:44:29.268Z,3x3x3,"L' F2 U2 L B2 D2 R U2 L2 U2 R2 F U' F U2 B D2 R2 D2 R' U'",,
nKW21KVc2,33696,2020-10-11T05:45:42.037Z,3x3x3,"B' U2 R2 D2 L2 F' D2 B' R2 F2 D2 U B U R' U2 B' L' D' L2",,
JFponUIuM,29836,2020-10-11T05:46:46.131Z,3x3x3,"L' U2 B2 L D2 L' U2 L F2 R F2 U' F2 D' U2 B' U2 F R' D R",,
L97oEwxYE,31332,2020-10-11T05:47:57.373Z,3x3x3,"U L' D' B2 L' D2 F U R2 B2 L F2 B2 U2 B2 D2 R' D2",,
9ERFOK8_f,27492,2020-10-11T05:48:55.376Z,3x3x3,"B' U2 B' U2 F L2 B' U2 B R2 F D' L' D2 U2 R' D R B2 R'",,
ZTMXC_e8j,35681,2020-10-11T05:50:13.805Z,3x3x3,"L2 B2 U' L2 F2 U B2 D2 L2 D2 F' L D' R2 F R B' D2 F' D2",,
giQdfRpsq,31463,2020-10-11T05:51:29.739Z,3x3x3,"L U2 D' R U R2 F B L U' D2 R2 L2 F2 U' F2 R2 D2",,
wSw0CqkFb,32228,2020-10-11T05:52:45.282Z,3x3x3,"B' L F R2 D' R F B D' L' D L2 F2 D' R2 U2 R2 B2 R2 F2 U",,
rBYzKtYzq,38621,2020-10-11T05:53:55.536Z,3x3x3,"U2 R B2 L F2 R' U2 F2 U2 R2 B D' U2 L2 B' F2 R' F2 D2",,
ZXDbbuA9W,31677,2020-10-11T05:54:53.589Z,3x3x3,"R2 B2 U F2 R2 D' F2 D F2 L2 U R B L2 B2 U' F2 D L' B' R",,
U_pqnywwp,28160,2020-10-11T05:55:55.623Z,3x3x3,"U L U L F' U D2 R2 U L' F2 L2 D R2 U' D2 F2 R2 U B2 L2",,
8qX7iuJ0R,30967,2020-10-11T05:57:02.481Z,3x3x3,"D' F2 D' F2 U2 B2 U L2 U B2 R' U' B2 R' U B2 L' F' D2 R2",,
_ZTIsDPLU,31336,2020-10-11T05:58:10.982Z,3x3x3,"D R B' U' B' U D' L' B U2 F2 L2 D2 B2 U' L2 F2 B2 D2",,
FRBZGVRkw,33014,2020-10-11T05:59:27.821Z,3x3x3,"F R' F2 U2 D R B' R' F2 L' U2 B L2 B R2 F' L2 F' D2 F' R2",,
0xjTMBBB-,39294,2020-10-11T06:00:35.274Z,3x3x3,"L2 F2 U R2 U F2 R2 B2 D' L2 D' R' B' L' U B R F R' U' F",,
NRW4Bb1sl,27929,2020-10-11T06:01:36.122Z,3x3x3,"L F2 D B U R2 D2 B R L B U2 R2 B R2 F2 R2 F' D2 R2 B",,
F7ugyvz8d,27903,2020-10-11T06:02:40.371Z,3x3x3,"F' R' U' L F U2 B' L F U D2 R B2 L2 F2 L' F2 R' B2 L' B2",,
rTz9cScu6,23793,2020-10-11T06:03:36.923Z,3x3x3,"R2 U' R2 D' R2 D F2 L2 B2 L2 D' B R' D2 F2 R D' U2 R U' R'",,
NiMyjzeqM,37861,2020-10-11T06:04:51.236Z,3x3x3,"D2 B' L2 R2 U2 B F2 R2 B' L' F U F2 U' L' R F2 R2 F'",,
A2fOVHbKN,34401,2020-10-11T06:10:43.918Z,3x3x3,"B2 R2 B2 R' U2 L2 F2 R B2 U2 R' U L' D' B' D' U2 F' D2 U F",,
TqYMKW1kp,33152,2020-10-11T06:11:48.095Z,3x3x3,"U2 R F2 D2 L' D2 L' U2 F2 R2 U2 B D B2 R' D' F R' B U",,
QDVgcV3tn,27591,2020-10-11T06:12:47.513Z,3x3x3,"B R2 U2 B2 F' L2 U2 R2 U2 F' R' U F D' R' F' L F' D2 U",,
nFseKOqyA,26140,2020-10-11T06:13:39.819Z,3x3x3,"D2 F2 U2 F2 L B2 F2 R F2 R2 F U' R' U2 B' U' L2 B R' B",,
c-INWhnqi,26234,2020-10-11T06:14:32.339Z,3x3x3,"F2 R' F2 D2 R' U2 L' F2 U2 R2 F2 D F2 U F R' D2 U2 L2",,
Pl84PLzT5,29522,2020-10-11T06:15:38.041Z,3x3x3,"D B2 D2 F2 R2 U L2 B2 R2 F2 D2 F D' R D' F2 R B2 F' R U'",,
-3uYPW0gp,28726,2020-10-11T06:16:31.945Z,3x3x3,"R2 B2 U2 L2 D2 R U2 L U2 B2 D2 U' L B' R' F' D B L2 F2 L'",,
_glcYQuxB,26530,2020-10-11T06:17:46.152Z,3x3x3,"U2 L2 F2 L2 U' B2 D R2 U' L2 F D2 L' U F D' L R2 B' U2 R2",,
K-BUvw3CS,25656,2020-10-11T06:18:46.079Z,3x3x3,"B2 F2 D2 R' U2 R' F2 L D2 R B D B' L2 F' D2 R' B' U F R",,
Vyr7cm8gO,27223,2020-10-11T06:19:47.475Z,3x3x3,"U' R2 D F2 U L2 U' B2 R2 F2 R' B' D F L2 U2 F D F' U'",,
YYYUT4DDC,35020,2020-10-11T06:20:48.553Z,3x3x3,"L2 B2 D2 F2 L' B2 D2 R' D2 B2 R B' L U' B2 U' F2 R' F2 U2",,